driverId,name,ssn,location,certified,wage-plan
10,Brenda Stanton,285-13-8491,"65788 Devin Isle Apt. 221
West Rodney, MS 24422",N,hours
11,Michelle Phillips,123-82-4348,"6370 Hahn Throughway
Lake Robertland, MI 94309",Y,miles
12,John Hernandez,714-95-4420,"6735 Holmes Camp
Wallaceshire, PA 90731",N,hours
13,Samantha Soto,567-14-9882,"856 Tucker Forks
North Drew, KS 51465",Y,miles
14,Aaron Lynch,242-84-3778,"62664 Neal Square Apt. 258
Lake Olivia, UT 10155",Y,miles
15,Megan Green,175-89-0359,"936 Jason Ville Suite 635
Sandersview, NJ 03668",N,hours
16,Andrew Davis,093-78-1060,"926 Dakota Trafficway Apt. 854
Alisonton, NM 90101",N,miles
17,Andrew Mason,293-12-7155,"517 Torres Summit
Lake Jamiehaven, WV 54114",Y,miles
18,Nicole Holmes,654-57-9396,"447 Devon Stream Suite 354
East Annville, MT 33918",Y,hours
19,Eric Gray,721-14-8522,"3979 Cole Village Suite 455
Mitchellmouth, IL 33889",Y,hours
20,Jamie Fisher,024-79-2027,"38692 Ward Tunnel
East Annmouth, MP 66484",N,hours
21,Isabella Poole,389-27-8924,"9781 Krueger Parkway Suite 742
Dianeburgh, MH 60067",N,hours
22,Anita Gardner,373-08-3021,"4153 Daniel Drive
South Rodney, MS 70688",N,miles
23,Janet Chandler,640-14-0179,"16370 James Lodge
East Sarah, VT 54171",N,hours
24,Julian Aguilar,711-15-6402,"Unit 9870 Box 7443
DPO AE 11186",N,hours
25,Amy Chandler,815-31-3962,"455 Marquez Unions Apt. 504
Port Andrewton, MA 62863",N,hours
26,Donna Robinson,856-20-8940,"380 Kevin Mall Apt. 020
East Jennifermouth, OK 25750",N,miles
27,Amy Moreno,450-36-2729,"PSC 0252, Box 6208
APO AP 86374",Y,hours
28,Courtney Russell,274-56-0445,"PSC 7721, Box 4402
APO AA 50625",Y,miles
29,Michael Guzman,264-14-4212,"26280 Briggs Tunnel
South Lauraberg, MP 99314",N,miles
30,Allen Anderson,098-63-1593,"229 Vargas Harbors Suite 514
Allenhaven, IL 60048",Y,miles
31,Jorge Park,756-20-2489,"0566 Walter Centers Apt. 559
East Cory, VT 34428",Y,miles
32,Albert Hensley,661-76-4611,"8480 Berry Glen Suite 929
East Hollyview, MA 97948",Y,hours
33,Maria Shaw,497-70-4314,"369 Tara Freeway
West James, GU 86255",N,hours
34,Melissa Palmer,331-20-6467,"3807 Stewart Tunnel Suite 629
South Sarahport, AZ 75474",N,hours
35,Linda Morgan,603-84-1678,"920 Smith Hills Apt. 655
Schneiderstad, TX 11443",Y,miles
36,Joshua Garcia,762-77-8769,"88648 Danielle Junctions Apt. 311
Debrashire, NM 63448",N,miles
37,Samantha Smith,828-93-7053,"60605 Paula Port Apt. 397
Derrickville, UT 10586",N,hours
38,Shelly Nielsen,879-29-0675,"092 Waller Lane
Andrewbury, VA 06374",N,miles
39,Dr. Derek Navarro,214-34-2395,"75367 Rhonda Club
New Albert, ID 47384",N,hours
40,Karen Kent,293-68-1739,"8356 Mike Canyon Apt. 594
Fullerbury, WA 47734",N,hours
41,Adrienne Nelson,573-68-2835,"99140 Brown Summit Suite 228
Samanthastad, PA 10586",N,miles
42,Jessica Ellis,231-32-7693,"4623 Mitchell Terrace Apt. 336
Mollyberg, NH 41463",N,hours
43,Savannah Bauer,095-96-1286,"4811 Andrew Mountains
West Margaretton, LA 27995",N,hours
44,Shane Hodge,704-45-7738,"465 Austin Forges
East Dustin, NJ 58527",N,miles
45,Richard Watson,173-56-1920,"USNV Ali
FPO AP 48507",N,hours
46,James Rasmussen,803-07-8654,"910 Combs Pike
East Michael, AS 08500",Y,hours
47,Alison Fowler,312-70-3597,"09119 Eric Lane
West Annahaven, OR 17323",Y,miles
48,Antonio Johnson,506-59-4393,"208 William Islands Suite 208
Archerport, MD 21416",Y,hours
49,Gregory Nielsen,123-63-1867,"42247 Casey Squares Suite 302
Lake Ericfurt, OR 26240",Y,miles
50,Bonnie King,186-44-1817,"64592 Brooks Mountain Suite 925
West Amandastad, PA 49629",N,miles
51,Jon Wilson,761-69-8442,"02143 Sarah Coves Apt. 403
Karlaside, KY 89933",Y,hours
52,Megan Sawyer,431-65-8374,"67100 Sandoval Estate
Kimberlyberg, CA 02513",Y,hours
53,Tricia Baker,580-78-3470,"962 Corey Forges Suite 296
Johnathanville, NY 15345",Y,miles
54,Frederick Skinner,157-04-9616,"19261 Walker Forge
Dylantown, IL 14380",N,miles
55,Michael Finley,600-60-8717,"5818 Robert Harbors
Lake Nicolasfurt, ID 46916",N,miles
56,Steven Pugh,783-20-7082,"955 Roberts Keys
North Tammychester, VT 53877",Y,miles
57,Andrew Miller,452-32-6517,"64546 Price Landing Suite 477
Bakerport, AR 21233",N,hours
58,Robert Garcia,579-11-9014,"87783 Green Expressway
Anthonyfort, LA 62269",Y,miles
59,Meagan Scott,602-74-5382,"86822 Mathis Courts Apt. 843
Reevesburgh, WA 16097",Y,hours
60,Monica Cooper,083-66-8044,"3142 Valerie Village
Port Andrea, AZ 02835",Y,hours
61,Michael Gomez,029-91-9784,"0139 Jeremy Pines
Lake Melissa, AS 34209",Y,hours
62,Mary Rodriguez,598-47-3699,"72050 Christopher Knolls
Mitchellport, VA 96107",N,hours
63,James Phillips,841-64-2852,"15004 Carroll Parkways Apt. 843
Kristifurt, NC 82905",N,hours
64,Bruce Johnson,792-65-0581,"22169 Cardenas Row Suite 753
East Linda, MS 08770",N,miles
65,Austin Jones,372-85-4216,"283 Keith Gateway
Lake Kaylaview, OK 83474",N,hours
66,Jessica Collins,733-27-8604,"895 Kramer Vista
Johnsonport, NC 42710",Y,hours
67,Gina Franklin,629-71-7780,"0366 Jones Fall
Hartburgh, LA 17114",N,hours
68,Isabel Chandler,538-75-0537,"USCGC Hogan
FPO AE 86098",N,miles
69,Carla Ponce,379-12-4789,"56845 Lewis Valleys
Evansberg, AL 87430",Y,hours
70,Nicholas Banks,696-16-0407,"385 Bryan Squares Apt. 311
Longhaven, ND 94200",Y,miles
71,Kaylee Jones,601-56-7456,"7357 Juarez Plaza Apt. 246
East Johnny, AK 88874",N,hours
72,Dustin Watson,303-89-2510,"877 Williams Glens Apt. 447
Sandrastad, MH 51180",Y,hours
73,Samantha Ortega,628-43-0568,"06024 Williams Heights Suite 419
Amandaside, CA 59648",N,hours
74,Dalton Gonzalez,061-94-9525,"6217 Douglas Mountain
North Cindyland, NY 31540",N,miles
75,Jessica Thompson,165-86-4398,"525 Gonzalez Village Apt. 931
Port Philip, TN 44700",N,hours
76,Jacob Hall,700-73-0694,"264 Lin Terrace Suite 758
New Bailey, MH 51639",Y,hours
77,Jennifer Wong,321-08-8872,"0458 Hill Summit Apt. 900
Weeksberg, PA 72484",N,miles
78,Mr. Robert Adams MD,750-08-6357,"2197 Michelle Mill
Chrisland, NV 60991",Y,hours
79,Ryan Henry,174-89-3654,"USS Benson
FPO AA 13408",N,hours
80,Maria French,164-97-3699,"4621 Alisha Common Suite 584
North Cheryl, DC 14346",N,hours
81,Logan Smith,791-38-3454,"45627 Sarah Views Apt. 090
Lake Johnberg, WI 78690",N,hours
82,Laura Lewis,409-08-6303,"75577 Sandra Route
North Melissa, OK 38334",N,hours
83,Darren Garcia,204-71-5757,"42757 Francis Rapid Suite 600
South Bridgetberg, HI 23275",Y,hours
84,Angela Adams,401-44-1083,"69231 Ponce Run
Robinborough, NY 80679",N,hours
85,Cindy Stephens,794-29-7859,"7115 Robin Plain
East Savannahfurt, NE 83460",N,hours
86,Christina Bell,644-43-7841,"381 Carla Trafficway Suite 923
Darrylberg, MD 70787",Y,hours
87,Brian Quinn,726-04-6919,"8709 Michael Radial Suite 711
West Annemouth, NC 81371",N,hours
88,Jacob Moran,834-68-6245,"756 Gregory Valleys
Wongbury, LA 70188",N,miles
89,Larry Ross,646-07-0336,"7901 James Forest Suite 024
Robertberg, VI 92978",Y,miles
90,Erica Bell,309-07-3325,"USNS Yu
FPO AP 98440",Y,hours
91,Timothy Austin,117-98-4980,"1382 Jacob River Suite 112
Andersonland, IA 88720",Y,miles
92,Susan Smith,642-06-9706,"3088 Molina Ville
Port Jessicamouth, OK 98613",Y,miles
93,Christopher Graves,835-78-9379,"12895 Ronald Ville
East Cheyenne, WY 60785",N,hours
94,Maria Mitchell,349-49-0631,"USS Carr
FPO AE 83960",Y,hours
95,Scott White,281-52-2054,"934 Montgomery Extension Apt. 173
Williamschester, WA 90997",N,hours
96,Lauren Evans,815-05-3335,"193 Stephanie Tunnel
Mcbrideberg, GA 72382",Y,miles
97,James Contreras,467-01-9252,"PSC 9503, Box 6530
APO AE 48593",Y,miles
98,Robert Brock,811-54-6189,"22918 Santana Mountain Suite 685
West Gene, SC 63051",N,miles
99,Erik Lewis,594-40-0758,"970 Mia Turnpike
New Julie, FM 59040",N,miles
100,Brian Skinner,504-39-2471,"329 Lynn View Suite 971
Scottberg, NH 58966",Y,miles
101,Brandi Jordan,255-90-4212,"53680 Ann Fall Suite 004
North Williamstad, MN 64527",N,hours
102,Douglas Willis,390-56-2079,"799 Hunt Ridge
South Jacquelinestad, KY 52648",Y,miles
103,Kimberly Perez,222-12-3217,"315 Davis Parkway Suite 217
New Jessicaborough, NY 52379",N,miles
104,Sandra Johnson,830-95-8571,"4105 Hayes Meadow Apt. 432
Lake Scott, OH 77436",Y,miles
105,Derrick Johnson,224-54-0726,"2727 Montgomery Trafficway
North Bryanport, MD 32888",N,miles
106,Charles Barnett,331-50-5698,"434 Paul Stravenue Apt. 703
West Audreyport, CO 99218",N,miles
107,Rebecca Hunt,136-31-6232,"7666 Raven Drives
Powellfort, VI 59977",Y,hours
108,Mr. Carlos Austin,454-99-7796,"8721 Amy Lights
East Deniseberg, SC 05767",N,miles
109,Kevin Sharp,761-44-7138,"11849 Melissa Forge
Cindyview, MD 70380",N,miles
110,Cynthia Fields,092-37-4740,"21129 Michael Club Apt. 689
Lake Samuelborough, PR 94877",N,hours
111,Beth Dean,582-12-1667,"24225 Lane Pine
Savannahmouth, DE 51238",Y,miles
112,Stephanie Floyd DDS,409-82-8463,"2895 Wendy Road Suite 376
Dawnside, KS 84554",N,miles
113,Todd Reynolds,041-96-8495,"0571 Dana Spurs
Lake Michele, RI 70265",N,miles
114,Rebecca Rivera,792-59-7448,"829 Robinson Rest Suite 866
Reedland, MH 42960",Y,hours
115,Tammy Sosa,513-47-1404,"862 Thompson Row Suite 572
East Brenda, WA 45363",N,hours
116,Michele Patel,691-47-0886,"874 Nicole Junction
Zimmermanberg, PA 14628",Y,miles
117,Elizabeth Davis,527-87-5651,"36794 Sutton Wall
North Jamesbury, HI 74055",Y,miles
118,David Gates,008-70-1614,"650 Smith Route
Rhodesberg, MH 96543",Y,miles
119,Glenda Richardson,383-25-7520,"444 Brandi Trail Suite 036
Port Carlyfurt, SC 14391",N,miles
120,Devin Mills,770-01-9255,"0511 Smith Trail
Port Shawn, OR 49934",N,miles
121,Tanner Valencia,695-28-4994,"224 Paul Corners
Meganborough, NM 61930",Y,miles
122,Megan Wolfe,518-47-9781,"334 Andrew Port Apt. 360
North Cindymouth, OR 19731",Y,hours
123,Eric Adams,395-98-0953,"447 Tyler Hills Suite 617
East Elizabethchester, CA 88282",N,hours
124,Steven Carroll,588-06-3663,"835 Thomas Bridge
Brandonburgh, AL 84157",Y,hours
125,Elizabeth Mcgrath,233-76-8509,"8747 Chelsea Park Suite 272
Mendezview, DE 21662",Y,miles
126,Brandi Aguirre,009-61-7161,"249 William Course Suite 457
South Sean, NM 11503",N,miles
127,Brandon Anderson,542-94-4601,"PSC 7391, Box 5888
APO AE 34603",Y,miles
128,Evelyn Richards,054-40-4260,"5624 Porter Track
Murphyport, OK 37682",N,miles
129,Susan Miller,394-76-5409,"03395 Coleman Mission Apt. 067
Johnchester, IN 99567",N,miles
130,Margaret Thomas,006-46-4209,"147 Katherine Mountain Apt. 708
Grahamfort, ND 64922",Y,miles
131,Sarah Jennings,490-50-1159,"6361 Alexis Bridge Apt. 516
Karenhaven, FM 82001",Y,miles
132,Michael Boyd,531-93-4931,"5631 Roberson Course
Stephensborough, MP 92300",N,miles
133,Tammy Richards,814-41-0171,"9156 Davidson Street Apt. 519
Allenberg, IA 09035",N,hours
134,Heather Schmidt,116-93-7020,"598 Lisa Crest Apt. 473
Port Debbiefort, GA 31202",N,hours
135,David Leon,694-34-4284,"Unit 0368 Box 7895
DPO AA 01524",N,hours
136,Tina Brown,544-52-2712,"817 Harris Corners
East Danielleburgh, SC 99196",Y,hours
137,Melissa Andrews,300-59-4455,"086 Pierce Club
Seanburgh, TX 92279",Y,miles
138,John Johnson,729-04-1442,"PSC 7510, Box 8976
APO AP 16077",Y,hours
139,Rachel Wang,658-01-6893,"99354 Kyle Parkway Apt. 764
New Mackenzie, OH 32945",N,miles
140,Heather Richards,643-77-9787,"8989 Hill Mills Suite 220
Vanessafort, VI 51450",N,hours
141,Destiny Ross,677-42-2309,"2976 Smith Circles Suite 989
Nicholasshire, PR 24892",Y,hours
142,Jamie Drake,072-26-2507,"03130 Woods Track Suite 778
Lisabury, MS 69807",Y,miles
143,Sherry Lewis,675-18-9397,"6003 Todd Pine
North Paul, AR 37116",N,miles
144,Jill Lewis,461-25-9881,"163 Robert Ways
New Jessica, PR 83030",Y,miles
145,Mary Kramer,665-82-7619,"766 Bryan Fields Suite 701
Martinfurt, MD 94732",N,miles
146,Daniel Turner,668-62-6177,"444 Gonzalez Valleys Apt. 521
Port Kevin, WV 77938",Y,hours
147,Mitchell White,517-12-5802,"6056 Monica Views Apt. 931
Angelaview, MD 57294",N,hours
148,Laura Sexton,303-68-2514,"738 Taylor Alley Apt. 363
Suarezhaven, PR 36539",Y,miles
149,Scott Vazquez,301-18-3129,"46480 Steven Trail
Arielton, AL 21460",Y,miles
150,Amy Jackson,219-89-9979,"6085 Connie Meadows
New Jamesbury, RI 07351",Y,miles
151,Desiree Hamilton,025-13-4055,"0923 Ramirez Crest
Brandonstad, SC 94605",N,hours
152,Mandy Steele,585-58-5360,"00944 Theresa Village
Geneshire, FL 86031",Y,miles
153,Marisa Monroe,785-82-4029,"78243 Joe Mill
Lake Deanna, WY 96579",Y,miles
154,Sarah Gonzalez,583-77-9558,"26122 Brandon Forges Apt. 182
West Scott, NJ 30369",Y,hours
155,Mrs. Lori Moran,477-06-3193,"09251 Lane Flat
West Jamesside, VI 92650",Y,hours
156,Miss Kathleen Newman,804-74-1884,"PSC 4204, Box 5270
APO AA 15571",Y,miles
157,Christine Martinez,556-99-7834,"5820 Bradley Pass
Ramirezchester, LA 73198",N,hours
158,Gina Woods,249-82-0737,"90509 Hubbard Ville
Lake Lauren, HI 00628",N,hours
159,Joseph Parker,554-02-6354,"32672 Shea Springs Apt. 164
Jonesland, ME 37444",Y,miles
160,Gerald Hodges,028-41-9341,"35508 Evans Landing Suite 468
West Tammy, VI 45756",Y,miles
161,Madeline Smith,552-79-7411,"09945 Michael Meadows
Kristenland, CO 54165",N,miles
162,Elizabeth George,502-63-8006,"253 Julie Plains Apt. 596
South Carolynfort, ND 08666",N,miles
163,Karen Barnes,076-66-6172,"5360 Roberts Inlet Suite 560
Kellyview, IN 26368",N,miles
164,Tim Rogers,176-68-9534,"20850 Hoffman Mountains
West Krista, NM 97550",Y,miles
165,Alejandro Bowers,871-61-8931,"981 Mikayla Underpass
Evansbury, MP 34903",Y,miles
166,Evan Farrell,154-65-9109,"PSC 1435, Box 9551
APO AA 30754",Y,hours
167,Crystal Brown,832-84-1176,"4823 James Cove
North Carolynland, DC 30856",N,miles
168,Evan Jones,173-75-5817,"811 Quinn Loop
West Jennifer, IL 22793",Y,hours
169,Thomas Price,288-80-7254,"08886 Baker Creek
North Seth, CO 27097",Y,miles
170,Alexandra Savage,032-20-1707,"97226 Herring Street
Lake William, GA 14732",Y,hours
171,Robert Baker,624-88-6827,"7792 Hunter Bridge Suite 194
Hansonside, FL 33909",Y,miles
172,Christopher Hines,838-57-9185,"32272 John Oval
East Martin, NJ 94121",Y,hours
173,Ricardo Morton,736-11-0205,"43091 Douglas Keys Apt. 985
Hendersonside, MT 10665",Y,hours
174,Julie Scott,384-99-3734,"991 Baldwin Radial
Michaelview, MN 06842",Y,miles
175,Jeffery Maddox,697-04-9105,"31228 Gregory Island
Rossburgh, MP 35318",N,miles
176,Timothy Moore,266-64-5100,"49224 Arnold Course
Port Brandon, PA 53205",Y,miles
177,Jeremy Morales,236-86-1085,"746 David Stream Apt. 600
Willieville, AZ 62284",Y,hours
178,Donna Burke,064-19-0465,"148 Kelly Forge
Michellefort, AL 05724",Y,miles
179,Mary Hicks,585-71-2499,"USNS Mendoza
FPO AE 11154",N,hours
180,Stephanie James,741-70-2232,"471 Bryan Forges
North Robertmouth, LA 58899",Y,miles
181,Katherine Scott,470-04-8856,"Unit 9388 Box 6399
DPO AE 38533",Y,hours
182,Kimberly Mcclain,459-37-2742,"6684 Schmidt Walk
Georgeville, SC 88191",Y,hours
183,Lisa Miller,614-20-4885,"PSC 1035, Box 9725
APO AE 24051",N,hours
184,Adam Jones,020-38-7846,"7161 Nathan Dam Apt. 753
Lake Judith, LA 19132",Y,miles
185,Jorge Liu,264-51-0335,"77643 Nicholas Cliff
Jillianview, MI 13367",Y,hours
186,Derrick Munoz,209-09-1187,"564 Tiffany Neck Apt. 606
Thomasport, IL 12744",N,hours
187,Robert Gilbert,065-28-1123,"46430 Monica Rapid Suite 917
North Jamiemouth, PR 14332",Y,miles
188,Tracy Massey,811-26-2501,"7718 Michelle Gateway Apt. 710
Lake Jasonland, IN 92381",Y,miles
189,Julie Walsh,156-35-1186,"803 Spencer Manors Apt. 544
Port Melissa, GU 27016",N,miles
190,Andrew Ward,195-36-0499,"Unit 1487 Box 2859
DPO AP 56620",Y,miles
191,Kim Olsen,768-15-4854,"77211 Melissa Street Apt. 242
South Garyhaven, AZ 43645",Y,miles
192,Erik Bell,801-32-0782,"4007 Thompson Trail
Gonzalezport, LA 72638",N,miles
193,Cindy Weeks,497-72-4930,"9700 George Locks Apt. 357
Flynnmouth, VI 53322",N,hours
194,Brian Jensen,866-53-0601,"4164 Ball Mountain Apt. 300
New Andreaburgh, MD 79471",N,miles
195,Sara Richard,329-04-7176,"57421 Wall Fall Suite 761
New Jamesside, MP 66612",N,miles
196,Christine Miller,286-60-6184,"2631 Riley Ridge Apt. 070
Brewermouth, WI 12537",N,miles
197,Jacqueline Skinner,088-78-3796,"45120 Maria Fields
East Julian, KY 27082",N,hours
198,Gary Barajas,588-45-5452,"68232 Peterson Station
East Jenna, ID 70706",Y,miles
199,Eric Reynolds,334-21-5911,"661 Lisa Rest
Port Amanda, OR 05120",N,hours
200,Jason Robertson,046-17-2763,"USNV Cruz
FPO AA 88198",Y,hours
201,Michael Robinson,482-85-0510,"0912 Washington Pines
North Dean, NC 17022",Y,hours
202,Kristen Bush,222-02-6015,"110 Johnson Rapid
Ashleybury, AK 80139",N,miles
203,Casey Terrell,621-56-6600,"Unit 1882 Box 6385
DPO AA 15354",Y,hours
204,Nathan Davis,680-84-0859,"30603 Roberson Road
Cruzton, NJ 28044",N,miles
205,Kenneth Martin,795-96-7643,"830 Leslie Flat Apt. 947
East Sarahtown, NE 35670",Y,hours
206,John Cox,822-05-7793,"24894 Chad Ports
South Kendraburgh, IA 27451",Y,hours
207,Lydia Myers,782-53-7637,"5608 Wendy Fort Suite 447
Port Justin, SC 70738",N,miles
208,Erica Cohen,697-37-5276,"00565 Monica Points
Hernandezberg, VI 37539",Y,miles
209,Victoria Taylor,088-67-9617,"35987 Terrence Circle
Aguilarville, OK 58361",N,miles
210,Andrew Green,471-13-9800,"039 Michelle Well Apt. 007
Evansport, DE 19925",N,hours
211,Robert Reyes,757-65-8852,"462 Johnson Turnpike Apt. 009
Port Carlmouth, AL 68808",N,hours
212,Jeremy Wilson,792-55-2227,"71353 Green Manors
New Kyleview, SC 90624",Y,hours
213,Brenda Morgan,441-65-7573,"26991 Hubbard Ranch
New Rodney, RI 77864",Y,miles
214,Emily Collins,367-58-4473,"4121 Howard Points
Conleytown, AS 11326",N,hours
215,Lynn Bruce,341-29-6409,"581 Stewart Ville
Barbaraland, MD 54001",Y,hours
216,James Murray,179-58-8928,"97660 Joel Divide Apt. 729
Dianeburgh, NC 31999",Y,miles
217,Darryl Clark,393-78-8184,"70266 John Harbor
Frostport, MH 21352",Y,hours
218,William Pollard,598-97-4857,"764 Choi Groves Suite 478
New Nicole, PR 53509",N,miles
219,Ruth Brooks,570-15-2662,"PSC 6472, Box 6808
APO AP 05770",N,hours
220,Olivia Alexander,439-19-3834,"606 Evans Flats Suite 185
Jenniferhaven, GU 39452",Y,hours
221,Christopher Peck,836-31-4067,"809 Young Islands Apt. 536
North Carriefort, TX 10584",N,miles
222,Angela Cunningham,737-64-7171,"71373 Dawn Terrace Suite 103
Port Riley, MI 18485",N,miles
223,Scott Raymond,156-90-0248,"63830 Petersen Branch
East Marymouth, MD 27766",N,miles
224,Sandra Oconnor,699-66-5358,"Unit 3719 Box 7361
DPO AE 51748",Y,miles
225,Kenneth Morrison,061-55-9222,"199 Burton Station
Port Matthewside, DE 82439",Y,miles
226,Michelle Baker,336-90-0927,"077 Foley Plaza
New Olivia, ND 85767",Y,miles
227,Daniel Graham,596-87-0916,"3588 Steven Extension Suite 509
Davidton, NJ 64625",Y,hours
228,Margaret Scott,881-33-0774,"0266 Scott Camp Apt. 213
Port Douglas, PW 89684",N,miles
229,Kim Garcia,372-95-3255,"083 Murphy Motorway
Hollyside, OR 39250",N,miles
230,Jennifer Petty,150-14-0392,"108 Gabrielle Ridge Suite 873
Moorechester, NY 40703",N,miles
231,Briana Aguirre,237-45-3125,"680 Dyer Gardens
Michelleberg, NV 33916",Y,miles
232,Jessica Thomas,285-37-1464,"83242 House Square
West Danielside, MP 69323",N,miles
233,Carla Bush,079-57-4720,"8866 Carter Plains Suite 378
Ericaburgh, VT 55750",Y,hours
234,Joel Walker,113-39-1966,"5902 Shaun Forges Apt. 873
Michaelton, NY 32403",Y,hours
235,William Hammond,037-69-2794,"9907 Brian Bridge
Carolineberg, ME 69925",Y,hours
236,William Harris,759-73-7001,"272 Nathan Rapids Suite 383
Brendaberg, OK 05184",N,miles
237,Evelyn James,793-29-5009,"6208 Davis Ville Suite 479
North Jose, FM 89243",Y,hours
238,Jason Hoover,158-70-2627,"4744 Summers Divide Suite 836
Christyview, CA 24525",N,hours
239,Shannon Stephenson,430-47-5061,"655 Joseph Centers Apt. 214
Patrickberg, MN 02135",Y,hours
240,David Wu,202-93-9079,"6753 Strickland Keys
South Jason, MH 27716",N,miles
241,Timothy Ford,851-06-2066,"Unit 2617 Box 6182
DPO AA 93377",N,miles
242,Craig Skinner,265-70-6767,"94529 Holloway Hollow
Kristenborough, SD 59648",Y,hours
243,Mary Ritter,544-60-0615,"5850 Ward Spurs Apt. 732
East Jesus, AZ 46844",Y,hours
244,Brandon Davis,596-82-8432,"24476 Tracy Passage
Davidsonbury, DC 75211",Y,hours
245,Vincent Lee Jr.,096-75-3687,"941 Lisa Crossing Suite 093
Wagnerhaven, HI 68295",N,hours
246,Chelsea Nguyen,447-64-8305,"168 Kara Isle Suite 017
Wendyburgh, VI 44262",Y,hours
247,Jill King,602-57-4366,"07176 Rios Track Apt. 699
Michaelbury, MD 36409",Y,hours
248,Matthew Smith,619-39-7811,"493 Donna Overpass
North Jack, OK 66369",Y,miles
249,Brandon Russell,866-10-8386,"PSC 1399, Box 9503
APO AP 75956",Y,miles
250,Jennifer York,494-38-2748,"408 Foster Via
South Robertton, DC 17893",N,hours
251,Mark Morrow,491-11-1685,"02096 Jamie Ways
North Sandrabury, NV 05767",Y,miles
252,Jennifer Snyder,290-01-1577,"1100 Espinoza Ville
East David, MO 02480",N,hours
253,William Anderson,638-77-0149,"7164 Arnold Crossroad
Port Michelle, KS 54834",N,hours
254,Jonathan Bishop,492-61-2009,"270 Henry Lake Suite 214
Leefort, OK 17043",Y,miles
255,Cynthia King,717-26-5066,"514 Richardson Trace Suite 866
North John, ME 59946",Y,miles
256,Matthew Marshall,157-02-5111,"692 Frank Hill Apt. 014
Moorechester, OK 78228",Y,miles
257,Richard Newman,271-19-2607,"037 Collins Fields Apt. 048
Port Carrie, AS 54135",N,hours
258,Krystal Hutchinson,129-93-1196,"828 Hudson Orchard Apt. 141
Port Tonyland, UT 80998",Y,hours
259,Christine Gomez,792-21-2225,"178 Danielle Plaza
Port Kaitlyn, OK 46658",Y,miles
260,Timothy Crawford,816-12-7237,"629 Richardson Manors Apt. 722
Lauraland, WI 54606",N,hours
261,Virginia Smith,039-30-1886,"394 Michael Mills Apt. 399
Jameschester, NH 72485",Y,miles
262,Emma Haley,841-71-5242,"77529 David Cove Suite 128
South Rubenville, PW 81443",Y,hours
263,Tracy Mitchell,636-26-7667,"695 Julia Grove Apt. 191
Port Vickiview, AK 60672",N,miles
264,Thomas Walker,290-83-2323,"7875 Ramirez Place
East Amy, VA 58215",N,miles
265,Manuel Stone,503-57-2532,"6090 Steven Wall Suite 524
Rebeccachester, TX 03636",Y,hours
266,Christopher Flores,884-08-8091,"717 Jones Unions
South Jessicaton, FL 19318",N,miles
267,Cynthia Tucker,675-53-4423,"64704 Harris Lake
Reedborough, VA 94096",N,hours
268,Lisa Cook,451-43-2677,"75525 Amanda Vista Suite 935
New Sabrinachester, NY 41486",N,hours
269,Jody Ferguson,707-26-8375,"013 Williams Glen
New Gene, WY 64872",N,hours
270,Patrick Collins,656-57-1336,"2178 Fletcher Mall Suite 822
Rhodeshaven, NM 91799",Y,miles
271,Brandon Hardy,275-61-3530,"41034 Morris Inlet Apt. 059
South Jamie, PA 68892",Y,hours
272,Joseph Bradley,888-30-5532,"500 Bentley Pine
South Breanna, FM 55761",Y,hours
273,Terri Allen,748-43-2987,"PSC 1810, Box 4849
APO AE 52515",Y,hours
274,Jeffrey Soto,270-52-8766,"46433 Bailey Station Apt. 696
Leehaven, CO 16456",Y,miles
275,Joseph Hayes,058-48-2541,"46909 Singleton Mountain Suite 058
Whiteport, PR 05699",N,hours
276,John Arroyo,804-78-9233,"4394 Angela Bypass
Jaredchester, OH 31014",Y,hours
277,Sandra Webb,732-32-4041,"50380 Combs Meadow
Washingtonfurt, SD 73694",Y,miles
278,Matthew Mccann,735-35-9173,"0401 Rice Plaza
East Jill, DC 88234",Y,hours
279,Jacob Cantu,662-74-8795,"237 Nancy Mount
Brianaberg, NC 48926",N,miles
280,Jeff Smith,133-19-2365,"3097 Dawn Track
Port Sarahshire, MD 12596",Y,hours
281,Jeanne Ford,019-62-5949,"5345 Diane Locks
Tinamouth, ID 96664",N,miles
282,Amanda Jones,284-54-5455,"5199 James Haven Apt. 991
West Meredith, NJ 15720",Y,hours
283,Vincent Camacho,111-46-4939,"59202 Johnson Greens
South Kimberlychester, MO 46477",Y,miles
284,Veronica Rhodes,793-31-9154,"6846 Weaver Ports
Lake Melinda, NE 42296",N,hours
285,Isaiah Wolf,562-10-7213,"42303 Paula Hills
New Judybury, AZ 55448",N,hours
286,Anthony Monroe,424-28-7746,"46649 Elizabeth Mountain
Leehaven, RI 45594",N,miles
287,Dennis Walker,705-80-1585,"8232 Evan Port
New Keithburgh, CO 31515",Y,miles
288,William Romero,665-54-3892,"7812 Jonathon Ports
West Jeff, FM 03930",Y,miles
289,Tiffany Long,327-62-7751,"61350 Silva Garden Apt. 445
South Jennifer, NE 94526",N,hours
290,Danny Johnson,041-68-1837,"268 Ruth Mountains
Johnnystad, PW 16128",N,hours
291,Brandy Williams,214-27-4386,"920 Williams Corner
Rachelfurt, OR 15137",Y,miles
292,Tracy Turner,549-58-6469,"637 Hernandez Mall Suite 272
Chapmanburgh, WA 97728",Y,hours
293,Amanda Cook,594-22-0307,"737 Justin Cliffs Suite 126
West Ryan, IN 46110",Y,miles
294,Dustin Collins,730-30-2422,"7886 Nicole Gateway Apt. 022
Andrewton, NC 64962",N,hours
295,Leslie Rios,806-91-2602,"3885 Amanda Manors Apt. 114
North Gloria, VT 66586",Y,hours
296,Mark Patterson,777-54-8080,"8653 Anthony Mountains Suite 412
Wuport, HI 03033",Y,miles
297,Tonya Brown,543-88-5694,"2653 Hancock Gardens Apt. 946
Vincentburgh, SC 73769",N,hours
298,Pamela Mcdonald,367-87-4761,"Unit 8226 Box 8253
DPO AP 31399",N,hours
299,Emily Ball,354-46-1564,"0390 Campbell Tunnel Suite 044
Vargasfort, MH 03916",N,miles
300,Barbara Spencer,774-14-9860,"4693 Gutierrez Centers Suite 763
New Susan, ID 33138",N,miles
301,Beth Ray MD,614-85-8191,"USCGC Thompson
FPO AA 81038",N,hours
302,Patrick Edwards,761-78-8231,"794 Laura Throughway
Port Sarachester, NH 36959",Y,miles
303,Timothy Aguirre,177-08-3414,"8543 Robert Summit
Haneyberg, AK 50461",Y,hours
304,Matthew Walters,135-02-9206,"3600 Stephen Trace Suite 253
New Royview, NH 75877",N,miles
305,Lisa Jones,553-71-3337,"Unit 1606 Box 6037
DPO AA 21200",Y,miles
306,Lori Thomas,807-31-5607,"81864 Jimenez Flats
Blairland, VT 66242",N,hours
307,Andrew Harris,809-93-2301,"USNV Davis
FPO AP 32320",Y,hours
308,Eddie Robbins,257-28-7056,"94467 Hayes Curve
Jenniferbury, PA 66847",N,hours
309,Shaun Adams,621-86-0337,"39650 Smith Course Apt. 618
Taylorburgh, WY 22854",N,hours
310,Linda Graham,439-88-3418,"039 Kristin Rest
West Patrick, PW 46948",N,hours
311,Derek Sutton,113-03-9754,"6913 Tonya Dam Suite 230
Lake Sarahport, AZ 89685",N,hours
312,Rhonda King,394-19-8229,"262 Michael Villages
Port Tylerhaven, NY 96522",Y,hours
313,Alyssa Morris,804-72-6471,"796 Marissa Inlet Suite 952
South Charlesland, HI 90218",Y,miles
314,Joshua Compton,188-84-1041,"3121 Long Ferry Apt. 267
Keithview, FL 31991",N,miles
315,Paige Burns,859-18-5599,"USCGC Miranda
FPO AA 97908",N,hours
316,Robin Gonzales,035-97-3423,"4705 Torres Shoal Suite 619
Annaport, SC 12298",N,miles
317,Jeffery Bowers,454-60-2709,"81521 Elizabeth Gateway Suite 751
East Jennifer, RI 41585",Y,hours
318,Kevin Alvarez,421-16-2960,"0069 Karen Haven
Millermouth, DC 21840",N,miles
319,Sherry Zuniga,741-86-1279,"156 Brooke Orchard Apt. 716
East Richardhaven, DC 63184",Y,miles
320,Chelsea Olson,132-51-8249,"19828 Martin Village Suite 868
Traceymouth, ME 13515",N,miles
321,Sarah Clark,823-58-4487,"04846 Shaw Road Apt. 584
West Brian, AK 56723",Y,hours
322,Cheryl Obrien,265-16-0732,"2254 Francisco Coves Suite 155
Donnaberg, MI 79267",N,miles
323,Kevin Mcdaniel,547-25-1556,"15093 Ian Street
Aliciatown, FL 53046",Y,hours
324,Theresa Smith,214-39-4376,"454 Coleman Garden
Turnerview, MA 36561",Y,miles
325,Justin King,460-34-6938,"508 Melissa Manors Apt. 981
Lake Troy, OK 92702",Y,miles
326,Jared Hines,381-36-0672,"7880 Schmidt Point
Lake Whitneyton, AK 98465",N,hours
327,Sarah Smith,798-09-4090,"81821 Brooke Court Suite 007
Lake Robert, MD 47990",Y,miles
328,Tina Fields,671-86-5672,"11053 Anna Lakes
Port Meganview, NJ 72851",N,hours
329,Lance Stephens,520-50-7335,"5807 Roberts Shoals Suite 557
Howellland, MT 47433",Y,miles
330,Gabriel Wood,113-75-3521,"87642 Crystal Causeway
Miketon, WY 07716",N,hours
331,Ryan Jimenez,039-92-1327,"31250 Paul Avenue
North Bruceshire, MO 37706",Y,hours
332,Jennifer Hayes,129-84-5752,"62279 Howard Pike
East Betty, CT 75915",N,hours
333,Shannon Carson,051-05-8786,"33133 Perez Coves
Chadmouth, MA 83720",N,miles
334,Kimberly Neal,524-34-2718,"9496 Jessica Harbors
Martinezshire, GA 55211",Y,hours
335,Tyler Gray,877-83-7214,"PSC 5973, Box 0446
APO AE 38000",Y,hours
336,Valerie Bass,118-50-8567,"213 Sara Manor
New Taylormouth, NJ 77071",N,hours
337,Krista Evans,671-19-7285,"39104 Christopher Inlet
West Andrew, PR 10439",Y,miles
338,Seth Contreras DDS,230-72-6051,"3144 Santos Bridge Apt. 313
Sandersland, NJ 82148",N,hours
339,Anthony Jones,623-13-6532,"4922 Bell Stream Suite 563
North Kimberly, FM 71193",Y,hours
340,David Smith,159-03-5803,"7363 Ali Creek
West Candacefort, HI 01945",N,miles
341,Brent Collins,667-01-7438,"37234 Mariah Gateway Apt. 086
Ariasland, ID 95443",N,miles
342,Amy Olson,692-03-0921,"209 Smith Inlet
Melodytown, OR 70378",N,hours
343,Michelle Torres,189-48-4106,"9855 Gallegos Brook Suite 173
North Rogerland, IA 24921",Y,miles
344,Timothy Mclaughlin,663-28-1500,"PSC 9339, Box 3632
APO AE 30380",N,hours
345,Vanessa Davidson,139-31-8312,"3471 Lisa Shores
New William, FM 09810",N,hours
346,Amanda Garcia,192-49-0104,"24212 Brown Course Apt. 676
Wilsonbury, NC 10007",Y,miles
347,Debra Smith,502-61-2665,"012 Cook Walk
West Madison, GU 98770",N,hours
348,Michelle Ramos,229-36-5012,"104 Heather Forges Suite 829
West Brian, KY 65119",Y,hours
349,Brady Berry,649-11-8704,"PSC 1033, Box 7474
APO AE 83852",N,miles
350,Carly Wells,823-53-9216,"70121 White Well
Jenniferhaven, DC 88744",Y,hours
351,Sara Chase,413-24-5391,"00572 Myers Mall
East Ebonyhaven, MD 91213",Y,hours
352,Stephen Yu DVM,887-72-0752,"076 Cynthia Mall Suite 458
Jeremyland, CA 31960",Y,miles
353,James Smith,699-36-9064,"2261 Taylor Estate
Garciastad, WY 56332",Y,hours
354,Katelyn Carr,106-07-7570,"4643 Frazier Coves
Johnsonstad, OR 03973",N,hours
355,Anthony Chambers,436-31-6118,"USS Rodriguez
FPO AP 74483",Y,miles
356,Nicholas Guerrero,295-35-2244,"501 Phillips Fort Apt. 293
Lake Christieville, AL 07435",Y,miles
357,Isaiah Nelson,089-15-7986,"862 Johnson Greens Suite 178
Kristinaburgh, PW 90085",N,hours
358,Michelle Montgomery,559-16-8603,"406 Cummings Islands Suite 921
South Charles, AR 94535",N,hours
359,Michele Ward,364-66-6223,"8878 Mercedes Islands
Tylermouth, IN 34467",N,miles
360,John Jacobson,192-96-2507,"30842 Foster Junctions
New Joseph, VA 76911",N,hours
361,Nicole Lucas,792-31-8458,"75926 Howard Key Apt. 820
Nicholasborough, WV 03684",N,miles
362,Vanessa Knapp,824-39-5226,"3796 Morris Glens Apt. 161
North Nicole, ND 12568",Y,miles
363,Jason Butler,024-38-2495,"20871 John Greens Apt. 098
Garciahaven, VI 95547",Y,miles
364,Brenda Bowers,113-07-0088,"96588 Welch Extensions
New Michelleside, IN 91374",N,hours
365,Patrick Blankenship,884-82-1377,"222 Armstrong Cliff Suite 588
Amberside, AL 05079",Y,miles
366,Mary Thomas,570-35-2870,"82025 Foster Passage
Lake Lauren, MS 41916",N,miles
367,Jordan Williams,893-19-7712,"12293 Cervantes Square
Kathyhaven, ND 73087",Y,miles
368,Leon Griffin,355-10-0478,"507 Robertson Crest
New Shawnashire, IL 40365",N,hours
369,Jorge Leblanc,322-98-5105,"1186 Baker Fall
Glovermouth, DC 93711",Y,hours
370,Jessica Martinez,790-55-3812,"Unit 8659 Box 7941
DPO AP 92996",N,miles
371,Hunter Chandler,130-53-2820,"908 Jared Squares
South Christopher, AZ 51788",N,hours
372,Michael Davis,633-66-2231,"5571 Lori Stravenue Suite 381
West Barbara, ID 34307",Y,miles
373,Shawn Russo,352-17-5102,"5094 Sarah Walks
West Madeline, VA 08081",Y,miles
374,Wesley Miranda,717-76-2755,"84018 Nolan Mountain
Smithmouth, DC 64876",N,hours
375,James Mitchell,790-11-2170,"05758 Rhonda Ville Apt. 282
New Thomas, PR 46777",N,miles
376,John Lopez,446-96-0004,"11741 Hopkins Lane
Nguyenfort, AL 58104",Y,hours
377,Andrea Smith,806-89-5462,"311 Stewart Stream
Merrittton, VI 68429",N,hours
378,Katherine Rosario DDS,606-09-3217,"2363 Huber Spring Apt. 205
Coxport, NC 72181",N,hours
379,William Mclaughlin,071-90-0417,"304 Rojas Causeway
East Carly, TX 59007",Y,miles
380,Jacob Anderson,036-28-9822,"13646 Oliver Spring
South Lindsayshire, SC 16982",Y,miles
381,Robin Ray,700-69-4749,"462 Burton Fork Apt. 211
New Miranda, MN 41050",N,miles
382,Ryan Armstrong,749-83-3465,"195 Kimberly Avenue
West Shawn, OR 85966",N,hours
383,Christine Oconnell,626-70-7937,"677 Melissa Wells Suite 304
West Charles, AL 10657",N,hours
384,Jennifer Murphy,084-68-4993,"3424 Alexander Plaza
Lopezbury, WA 71028",Y,miles
385,Miranda Roberson,015-82-2594,"26110 Elliott Circle
Jillhaven, DC 13564",Y,hours
386,David Harrington,689-48-1235,"327 Carolyn Prairie Apt. 206
North Aaronside, WA 47917",N,hours
387,Mary Reese,860-63-8264,"407 Anna Prairie Suite 989
Francisland, IL 30272",N,miles
388,Kaylee Colon,588-67-4001,"762 Thompson Parkways
Aaronborough, MP 03431",N,miles
389,William Anderson,350-99-6017,"Unit 2067 Box 4163
DPO AA 55189",N,miles
390,Tyler Rios,797-91-8002,"413 Nunez Fords
West Katherine, DE 64227",N,hours
391,Raymond Church,029-59-4907,"9535 Regina Lights
Mathisville, VI 14299",Y,miles
392,Jacqueline Bruce,008-27-1459,"834 Anne Landing Suite 658
Carterport, IN 72009",Y,miles
393,Elizabeth Wright,236-83-7523,"USS Walker
FPO AE 34342",Y,hours
394,Martha Blake,802-26-8045,"093 Shannon Spurs Apt. 989
Terryhaven, WY 85919",Y,miles
395,Cory Hill,188-79-3713,"144 Lewis Centers
West Amberside, AR 45151",N,hours
396,David Smith,539-10-9379,"1655 Stewart Flats Apt. 143
Lewishaven, ND 84805",Y,hours
397,Daniel Howard,391-89-2844,"6513 Walker Plains
Andreafurt, OH 66426",Y,miles
398,Nicole Pena DDS,754-65-3887,"1162 Michael Stream Suite 860
Delgadomouth, MA 73269",Y,miles
399,Aaron Price,495-89-5332,"2598 Kayla Meadow Suite 642
East Catherinefurt, ND 88135",N,hours
400,Justin Oconnor,089-18-2554,"810 Edward Mission
West Joyce, AS 73652",Y,hours
401,Thomas Bishop,038-27-3853,"7370 Hall Club
Timothychester, MD 99343",Y,hours
402,Andrew Graham,369-96-6780,"USS Santos
FPO AA 05462",N,miles
403,Makayla Wood,024-87-7620,"5645 Phillips Crescent Apt. 651
Rebeccaport, MT 67355",Y,hours
404,Catherine Smith,185-76-2779,"3617 Buck Ford
Ryanport, AK 28216",N,miles
405,Barbara Hammond,217-44-3436,"018 Floyd Mission Suite 020
North Jon, NH 81764",Y,hours
406,Sara Cannon,185-95-5135,"63258 Hernandez Drive
Catherineville, NY 36366",N,hours
407,Christina Wright,792-69-0994,"Unit 1428 Box 9574
DPO AP 11995",Y,miles
408,Susan Williamson,022-62-4818,"3035 Logan Rapids
Nashbury, OR 45669",Y,miles
409,Jessica White,680-59-3976,"344 Brown Mountains
South Robert, PR 68822",Y,miles
410,Jonathan Cannon,886-50-5110,"69207 Lee Inlet
South Anthonyside, WA 12115",N,miles
411,Shawn Robbins,187-13-0051,"161 Dana Square Apt. 823
Mayomouth, UT 01242",Y,miles
412,Angelica Martinez,379-26-5332,"8511 Webb Corners Apt. 466
East Troy, DE 75223",N,hours
413,Austin Reed,817-60-2522,"5173 Jason Pine Suite 405
Jordanport, NE 37145",Y,hours
414,Lauren Adams,240-07-2261,"451 Powell Mountains Suite 669
Lake Sara, MP 25812",N,hours
415,Deborah Rivers,288-37-5638,"3237 Christopher Ford
Juanton, ID 58854",N,hours
416,Lisa Hart,519-47-2546,"87019 Kristin Summit Suite 219
Zacharymouth, MA 83201",N,hours
417,Leah Fernandez,618-18-2719,"435 Scott Harbor
Guzmanview, DC 98444",N,hours
418,Yvonne Martin,629-26-7266,"PSC 7194, Box 9724
APO AA 43392",N,hours
419,Nicole Stephens,659-90-4951,"573 Hickman Trafficway Apt. 404
New Susanburgh, NC 49259",Y,miles
420,Shane Hunt,566-65-3765,"250 Sanford Mountains
Gregorymouth, GA 64504",Y,miles
421,Cynthia Johnson,874-01-5374,"192 Brenda Island
North Debbiefort, GU 75394",N,hours
422,Dawn Hayes,895-05-0695,"932 Victoria Vista Suite 241
Port Shelby, HI 47446",N,hours
423,Dylan Ayala,721-45-3652,"946 Andrea Valleys Apt. 618
South Maryton, PW 21639",Y,miles
424,Amanda Espinoza,027-99-2188,"81779 Dean Plain Suite 521
West Stephanie, SD 76374",N,hours
425,Julie Brooks,434-76-9637,"Unit 6669 Box 6663
DPO AE 66575",Y,hours
426,Kathryn Rollins,566-34-7157,"18910 Arias Spurs
Morenofort, ID 29906",N,hours
427,Samantha Whitaker,570-08-6692,"059 Christy Parks Suite 326
Lake Tammyport, IL 42959",Y,miles
428,Courtney Sharp,517-11-2902,"78950 Lucas Stream Suite 301
New Denise, OH 36513",Y,hours
429,Christina Carter,380-86-3053,"69550 Quinn Corner Suite 729
Gonzalezshire, AL 36227",N,hours
430,Dr. Nicole Trevino PhD,704-24-1589,"205 Dustin Bypass Suite 896
South James, MD 31073",Y,hours
431,Robert Jacobs,585-93-7981,"798 Wiley Pines Suite 867
North Deannashire, WI 95715",N,miles
432,David Smith,521-81-4652,"1108 Barker Street Suite 309
Hillstad, NE 37045",N,miles
433,John Robinson,819-89-6141,"1386 Reed Bridge
Martinville, KS 60406",Y,miles
434,April Robinson,850-56-7114,"690 Browning Hills
Ambermouth, GU 65228",Y,miles
435,Faith Johnson,290-60-2029,"Unit 3277 Box 0028
DPO AP 94753",N,hours
436,Angelica Williamson,758-92-0116,"22856 Hayes Meadow Apt. 789
Port Markstad, TN 52112",Y,miles
437,Kenneth Turner,292-16-8801,"3707 Santiago River
West Cheyenneville, LA 01872",N,hours
438,Angela Gonzalez,164-87-6114,"1285 Rachel Turnpike
Bushberg, ND 92501",N,miles
439,Blake Rivas,658-71-5135,"796 Mary Loop
North Christopherbury, AS 65291",N,hours
440,Jessica Baker,728-38-5194,"570 Cunningham Rue
South Arthur, CT 92022",Y,hours
441,Tracey Newman,706-92-5114,"8096 Jennifer Village Apt. 916
South Todd, NV 00554",Y,miles
442,Alan Jordan,153-92-1238,"28346 Spence Lock Suite 878
North Autumn, GA 29080",Y,miles
443,Tracy Kirby,871-58-5053,"2952 Sparks Isle Apt. 127
North Kenneth, NY 91047",N,miles
444,William Bean,214-73-9310,"Unit 6424 Box 9257
DPO AA 60563",Y,hours
445,Robert Griffin,627-99-5925,"41069 Carol Burg
Brownview, CO 44042",Y,miles
446,Charles Fernandez,763-69-6854,"375 Jennifer Alley
West Jeannefort, UT 67947",N,hours
447,Tammy Jones,346-17-4444,"03398 Kelly Forge Apt. 941
New Adam, MH 65714",Y,miles
448,Shannon Jones,879-46-7505,"7389 Reed Stravenue Suite 030
West Trevor, WI 90827",N,miles
449,Charles Cabrera MD,059-90-4010,"7268 Kenneth Valley Apt. 011
Scottmouth, TX 54272",Y,miles
450,Alicia Scott,489-04-6761,"PSC 3060, Box 0246
APO AE 03054",N,hours
451,Thomas Leon,519-95-8671,"0294 Thomas Gateway
North Jodystad, FM 45125",Y,miles
452,Charles Douglas,477-07-4762,"54230 Robles Plain Suite 495
Andrewburgh, LA 11317",Y,miles
453,Aaron Ramirez,525-95-6796,"17218 Coleman Station
Port Douglastown, WI 47135",N,hours
454,Hector Russell,569-87-2993,"12856 Ruiz Ways Apt. 694
Davidmouth, GA 19463",N,hours
455,James Pena,639-75-0389,"64728 Thomas Islands Suite 215
Jennifermouth, ME 44653",Y,hours
456,Joseph Wolfe,464-58-6565,"513 Ashley Street Suite 752
New Curtisburgh, ID 49261",N,miles
457,Brandon Richardson,522-26-3838,"3379 Hayes Harbors Suite 888
West Amanda, ND 15102",Y,miles
458,Keith Collins,836-59-3448,"258 Pittman Route
North James, WI 38729",Y,hours
459,Justin Castro,852-65-8297,"1561 James Manor
North Kathyville, MT 03224",N,hours
460,Bradley Hicks,553-89-4588,"05487 Alicia Track
New Kevinberg, DC 48138",Y,hours
461,Rebecca Brown,857-50-0908,"41708 Smith Trafficway
Erikport, OH 03044",N,miles
462,Wanda James,809-51-2639,"54646 Todd Mission Suite 796
New Amanda, MI 35784",N,hours
463,Shannon Becker,499-55-1612,"Unit 6569 Box 1032
DPO AP 72169",N,miles
464,Denise Curtis,816-92-9421,"3890 Wyatt Summit
East Jackhaven, HI 56406",Y,miles
465,John Brooks,894-38-2760,"460 Cody Dam Apt. 574
Willisville, NH 38761",N,hours
466,Matthew Buchanan,667-97-7488,"813 Emily Dale Apt. 820
East Jennifer, VT 15073",N,miles
467,Daniel King,379-47-3966,"84935 Walker Estate
Davidville, OR 61828",N,hours
468,Nathan Wilson,639-40-1450,"8978 Matthew Ports
New Danielchester, MH 92548",N,miles
469,Nancy Krause,058-27-2499,"93675 Torres Roads Apt. 551
Hendricksstad, MS 89529",N,hours
470,Shirley Moss,722-13-3450,"4479 Paula Key Suite 291
West Ericmouth, NC 31453",Y,hours
471,Holly Williamson,797-78-5251,"9610 Taylor Junctions Suite 068
Stewartberg, OR 02116",N,hours
472,Amanda Roberts,575-18-0053,"40795 Joseph Parkway Suite 044
South Alyssaburgh, MD 90770",N,hours
473,Daniel Goodman,560-83-1292,"8984 James Villages
North David, IN 81722",Y,hours
474,Amber Holland,347-65-5660,"3459 Curtis Route Suite 104
Wellsstad, DC 54599",Y,miles
475,Dwayne Baker,239-87-4868,"2939 Medina Ville Suite 989
Jasonfurt, AR 64925",N,miles
476,Nancy Anderson,881-83-5569,"01661 Eric Roads Suite 316
Randyview, DE 78376",Y,miles
477,Lori Sanders,145-17-8457,"5172 Short Plains
Port Kimberly, FL 85975",Y,miles
478,Patrick Beck,071-53-6683,"Unit 7902 Box 1439
DPO AE 15706",N,hours
479,Laura Todd,388-93-4351,"2812 Clark Locks
Andersonton, MN 96495",Y,miles
480,Shannon Butler,784-76-5644,"39336 Anthony View
Mckayland, NM 85523",N,hours
481,John Reynolds,658-50-5141,"510 Brandon Keys Suite 323
South Susan, NE 37487",N,miles
482,Michael Hill,210-16-3806,"3934 Jonathan Islands Apt. 268
East Rebecca, WV 58154",N,miles
483,Miranda Chase,728-24-7500,"55389 Daniels Mountains Apt. 742
Morrisfurt, MP 32094",N,miles
484,Andrew Ayers,517-53-9259,"PSC 5332, Box 7386
APO AE 51964",Y,miles
485,Michelle Johnson,821-18-2253,"63213 John Cliff
Lindsaychester, NH 26536",N,hours
486,Megan Blanchard,727-55-9138,"1810 Hampton Throughway Apt. 865
Mathewsshire, NJ 89486",N,hours
487,Omar Smith,016-56-3850,"911 Robert Cape Suite 751
East Lisa, OR 33862",Y,miles
488,Tara Simmons,249-75-0257,"98124 Rebecca Islands
Jessicastad, LA 26539",N,miles
489,Karen Coleman,681-99-2365,"30876 Brian Stravenue
Sellersview, VT 64046",N,hours
490,Jennifer Adams,776-95-7099,"545 Miller Grove
New Crystal, LA 66748",N,hours
491,Amber Glass,134-08-1442,"946 Randy Burg Suite 234
East Kellie, WY 38861",N,hours
492,Phyllis Hernandez,639-86-6760,"75569 Mclaughlin Plaza Apt. 161
North Ryan, MD 99912",Y,hours
493,Jeremy Lawson,097-87-4589,"8116 James Streets Suite 823
Deborahview, WA 50408",Y,hours
494,Ricardo Bauer,546-03-8053,"188 Morgan Run Suite 326
Angelafort, NH 88993",N,miles
495,Brianna Collins,247-43-9361,"209 Stephanie Cliffs Apt. 138
Lake Cynthiabury, SC 66774",Y,miles
496,Matthew Conner,521-21-5522,"Unit 7668 Box 9393
DPO AP 81808",N,miles
497,Joseph Solomon,383-52-1376,"4150 William Island Suite 544
New Wendy, IN 72208",Y,hours
498,Michelle Sanders,702-30-5079,"4144 Anna Club Suite 581
Josephtown, TN 98577",N,hours
499,Bryan Lambert,682-69-7784,"0756 Debbie Groves
West Michael, WA 86724",N,hours
500,Ricardo Weber,711-46-3242,"9465 Jennifer Estate
Cynthiaton, VT 32950",N,hours
501,Alexis Haynes,173-19-8771,"PSC 4564, Box 5978
APO AA 28205",Y,hours
502,Joanna Taylor,530-05-8733,"004 Graham Parks Apt. 901
North Tommy, IN 62767",Y,hours
503,Betty Miller,543-20-7965,"015 Goodman Springs Suite 087
South Emilybury, MP 96665",Y,hours
504,James Dorsey,655-09-4879,"918 King Turnpike
Simonbury, OR 86628",N,hours
505,Justin Garrison,502-25-6509,"85644 Watkins Burg Apt. 742
Lake Davidmouth, FL 03496",Y,hours
506,Jennifer Bartlett,522-26-5434,"4012 Lam Manor
Michaelside, MH 61774",Y,hours
507,Abigail Lang,243-12-4204,"65714 Richard Manors
Romeroland, HI 76430",Y,hours
508,Jerry Anderson,521-73-8768,"4608 Justin Junctions
East Blakeville, ND 88693",Y,hours
509,Amanda Wood,060-63-8542,"225 Barbara Street
South Christophermouth, NJ 43638",N,hours
510,Elizabeth Lewis,651-72-7168,"50446 Schultz Points
West Sandra, CO 22423",N,hours
511,Eric Jackson,390-87-1177,"394 Castillo Course Apt. 481
South James, MD 83770",Y,miles
512,Sarah Perry,090-57-5011,"783 Hodges Flat Apt. 590
Josephberg, DC 91400",N,miles
513,Jane Williams,771-58-3434,"USS Reid
FPO AA 19188",Y,miles
514,Brent Torres,739-14-9507,"2481 Alejandro Islands
Lake Daniel, NM 56034",Y,hours
515,Nicholas Cain,592-92-0546,"Unit 8964 Box 9113
DPO AP 24395",Y,miles
516,Kathleen King,485-19-5150,"2854 Adam Ville Apt. 738
North Dawn, PA 90223",Y,hours
517,Stephanie Lewis,075-01-1753,"586 Miller Forest Apt. 160
East Matthew, VI 26553",Y,miles
518,Sarah Mccarty,791-84-8103,"87044 Murillo Knolls Apt. 279
Patriciaborough, CA 14939",Y,hours
519,Blake Gonzalez,420-85-9992,"79243 Jeffrey Drive
South Laceytown, WY 11846",N,hours
520,Brandon Caldwell,075-94-4860,"6955 Robertson Plain Suite 877
South Elizabethstad, MI 06339",N,miles
521,Zachary Cruz,869-32-9860,"PSC 4653, Box 6520
APO AE 74363",Y,miles
522,Wayne Jenkins,395-45-9932,"856 Evelyn Plain
Joshuafurt, IA 72211",N,miles
523,Dale Orr,220-02-3973,"06087 Jones Stream
New Tara, NH 01238",Y,hours
524,Christina Brown,175-43-1594,"2073 Gregory Fields Apt. 058
Salazarbury, CA 88269",N,hours
525,Jennifer Walker,737-91-6353,"578 Christopher Row
Lopezburgh, MS 61543",N,miles
526,Philip Baker,563-24-5430,"029 West Plaza Suite 238
Holmesshire, HI 15823",N,hours
527,Monica Barrera,450-26-5732,"00805 Danny Hill Apt. 572
East Christopherfort, GA 76735",Y,hours
528,Karen Roberts,868-27-3461,"35145 Dawson Ranch
Potterland, FL 98285",Y,hours
529,Leah Fernandez,615-74-5645,"327 William Mountain Apt. 739
New Amberburgh, NM 70279",Y,hours
530,Rebecca Watkins,716-30-7774,"576 John Pine
Marieville, SD 86634",N,miles
531,Nicole Kane,225-16-0199,"151 Ashley Mountains Suite 300
New Connie, MD 74141",N,miles
532,Stephanie Ramsey,639-54-5435,"86071 Duke Roads Suite 484
Lake Patrick, OH 95801",N,miles
533,Nancy Whitehead,598-42-8276,"0630 Lance Tunnel
New Jamesland, ND 42858",Y,hours
534,Mrs. Nicole Arnold DDS,675-99-4268,"0730 Jennifer Key
Housefort, KY 60752",Y,hours
535,Jason Mason,791-34-5281,"33934 Sydney Passage
West Ashleyfort, ME 05903",Y,miles
536,Jody Pineda,034-67-3225,"45678 Mooney Valley Apt. 587
East Aliciafort, LA 45083",N,hours
537,Jennifer Smith,311-88-9782,"PSC 3311, Box 5542
APO AE 11245",Y,miles
538,Christopher Saunders,522-98-7538,"8613 Ray Ridges
Lake Sarahfurt, NY 02518",N,hours
539,Heather Chavez,282-45-8484,"9428 Daniel Trail Apt. 454
Lake Christopher, KS 23481",N,hours
540,Krystal Park,145-19-5491,"531 Perez Mission
Archerville, ND 47749",Y,miles
541,Karen Dominguez,367-51-5165,"8163 Paul Shoal Apt. 949
Odomchester, KS 55526",Y,hours
542,April Mcpherson,056-89-5802,"USNV Ballard
FPO AP 92216",N,hours
543,Jennifer Rios,737-35-0550,"66238 Norman Drive Suite 917
Lake Jessica, AR 04251",Y,hours
544,Chad Matthews,693-76-7285,"026 Brown Meadow Suite 867
Joshuaberg, PR 59924",N,hours
545,Bryan Nelson,615-83-7439,"42227 Kathryn Meadows
Jonesborough, SC 39500",N,hours
546,Andrew Becker,405-70-8651,"USS Wilson
FPO AE 09194",N,hours
547,Tina Vaughan,803-63-5514,"37829 Lopez Prairie Suite 632
Odonnellside, AL 49815",N,miles
548,Kyle Bradshaw,384-32-6791,"076 Dixon Groves Suite 438
Maureenhaven, NV 56817",N,hours
549,Monique Hudson,376-58-0810,"PSC 8827, Box 7111
APO AA 65730",N,miles
550,Donald Singh,387-10-2313,"1592 Megan Parks
Brooksburgh, WV 94748",Y,hours
551,Ashley Stephenson,807-24-8252,"4552 Michelle Valley
South Madisonland, HI 84684",Y,miles
552,Tiffany Harris,330-42-7955,"5218 Blanchard Extension Suite 886
Lake Tiffany, VI 71709",Y,miles
553,Abigail Wright,419-87-2549,"31828 Lindsay Points Apt. 850
New Kimberly, FL 31550",Y,miles
554,Amanda Gutierrez,326-28-8636,"928 Carolyn Shores
Burnsshire, MH 46818",Y,hours
555,Cindy Charles,252-25-2534,"2046 Cantu Ford Apt. 996
Scottton, LA 41564",N,hours
556,Christopher Roberts,003-62-4549,"Unit 6322 Box 6258
DPO AA 49103",Y,miles
557,Shannon Short,397-97-5804,"40728 Christopher Park Suite 306
East Joshuahaven, CT 23599",Y,hours
558,Lisa Lee,816-65-7483,"71341 Elaine Knoll Apt. 157
Jonathanchester, ID 34775",N,miles
559,Timothy Marquez,028-98-0850,"01840 Hannah Isle Suite 102
Judymouth, OR 28356",N,hours
560,Gary Norman,213-66-3668,"617 Wilkins Loaf
Port Candace, IL 66978",Y,miles
561,Teresa Gonzales,264-98-5042,"647 Amber Manors
Porterfurt, AL 53978",Y,hours
562,Don Yu,054-38-4189,"PSC 9855, Box 1134
APO AE 29584",Y,hours
563,Brandon Allen,049-34-8399,"308 Trujillo Light Apt. 414
West Brianside, WY 01506",Y,miles
564,Steven Kaiser,808-23-0207,"27666 Joshua Ways Apt. 649
Hebertberg, FL 07890",N,hours
565,Jason Brown,561-46-9110,"491 Nicole Plaza Apt. 111
Garyland, NC 42339",N,miles
566,Kevin French,231-75-9803,"7786 Walter Tunnel
Donnahaven, CA 50133",N,hours
567,Cody Gallegos,692-29-9346,"7266 Sandra Key Suite 429
Port Dylanberg, TN 28559",Y,miles
568,Jose Adams,847-43-9192,"0022 Hurst Shoals Suite 721
Fordview, MT 04028",N,miles
569,Michael Bailey,863-59-2094,"3649 Young Mount
Lake Ginaview, SC 97049",N,miles
570,Timothy Meyers,594-37-9634,"7001 Scott Glens Apt. 140
Francofort, PR 35822",N,miles
571,Dr. Ethan Graham,240-04-5358,"244 Justin Dam
North Ryanmouth, UT 70894",Y,hours
572,Vincent Harris,880-29-9537,"25845 Gonzalez Burgs
West Tamara, PR 47156",N,hours
573,Zachary Sanchez,762-99-3961,"242 David Green
West Michaelborough, NE 72230",Y,hours
574,Mariah Warren,702-12-8055,"61228 Hannah Lane Suite 775
Bowersland, PR 50154",N,miles
575,John Foster,846-76-8885,"99209 John Plaza Apt. 108
Laurenland, NC 85211",N,miles
576,Mrs. Elizabeth Brown,323-41-2787,"106 Moran Lodge
East Tyler, PW 30981",Y,miles
577,Sandra Lester,759-54-2896,"87164 Scott Skyway Suite 366
Priceville, MH 14875",Y,hours
578,Michael Martinez,549-24-0266,"9501 Anderson Vista
Mooreland, MD 88347",N,miles
579,Alison Blair,774-62-5429,"7472 John Neck Suite 255
Jenniferburgh, MT 13545",Y,hours
580,Alexis Knight,628-21-1416,"3354 Isaiah Plains
Port Emily, FL 69982",N,hours
581,Jessica Logan,775-17-6685,"51764 Mitchell Mountains Suite 328
Rosarioview, LA 66031",Y,hours
582,Scott Haynes,538-34-5615,"050 Michael Meadows Suite 892
East Susan, WA 09933",Y,miles
583,Deborah Gordon,885-80-4342,"5016 Davis Court
East Jennifershire, PW 40486",Y,miles
584,Andrea White,561-32-3848,"9076 Gonzalez Ferry
Port Michaelville, RI 45894",N,miles
585,Linda Smith,258-92-9687,"41142 Erin Grove Suite 172
Martinezmouth, NJ 21053",Y,miles
586,Leslie Clark,233-61-7563,"Unit 0314 Box 6854
DPO AP 41460",N,miles
587,Steven Williams,475-87-8564,"5835 Adam Square
New Doris, FM 03598",Y,miles
588,Linda James,845-47-1362,"920 Nancy Via Apt. 893
Farrellfort, VA 43599",Y,miles
589,Glenda Lara,835-39-4680,"USS Banks
FPO AA 43222",Y,miles
590,Paul Peters,168-03-9893,"8203 Williams Plains Suite 668
Tracytown, WY 53426",Y,miles
591,John Anderson,151-20-1001,"74508 Alexis Mount
Carlahaven, CT 17092",Y,hours
592,Steven Villanueva,610-24-4992,"209 Johnson Rue
Lauraborough, FM 46544",N,hours
593,Karen Peterson,547-95-6134,"3427 Jeremy Views Apt. 087
Castroview, IL 56732",Y,miles
594,Mary Cox,383-35-6268,"294 Matthew Port
South Robert, NE 98862",Y,miles
595,Phillip Ford,676-47-7866,"59535 Diaz Fields Apt. 353
West Ashleystad, TX 53747",Y,miles
596,Karen Fletcher,543-10-1166,"23907 Victoria Lodge Suite 163
Bonnieborough, MI 46087",N,hours
597,Jordan White,857-80-0894,"74023 Martin Freeway
Trevorfurt, NH 35396",Y,miles
598,Elizabeth Miller,264-81-1274,"2798 Tyler Union
Emilymouth, WA 82915",N,miles
599,Mr. Damon Mcgee Jr.,010-03-8423,"2586 Robinson View
Deanland, WI 46978",Y,miles
600,Timothy David,054-97-6932,"Unit 5660 Box 5133
DPO AA 38614",N,miles
601,Denise Sanchez,600-01-1855,"415 Evans Plaza
Diazstad, VI 43454",N,miles
602,Autumn Brown,735-81-0776,"25579 Scott Springs Apt. 429
South Stephanieberg, NY 77082",N,miles
603,Derek Miller,570-26-5125,"USCGC White
FPO AP 73639",Y,miles
604,Benjamin King III,786-96-6270,"3663 Sandra Knoll Suite 272
East Oliviafurt, CT 36191",Y,miles
605,Brian Smith,524-60-1551,"7090 Brown Courts
Shirleyborough, MO 01955",Y,hours
606,Jill Mann,538-43-6004,"43169 Hunt Well
Clarkside, NJ 39610",N,hours
607,Eric Sullivan,544-40-8482,"591 Alec Trail
Lake David, FL 28914",Y,hours
608,Keith Castillo,522-36-9456,"PSC 2266, Box 5328
APO AP 12609",Y,miles
609,Courtney Adams,661-25-0182,"706 Chapman Common
South Troyfurt, AL 63419",Y,miles
610,Susan Cook,801-22-8490,"968 William Shoals Apt. 752
Christopherside, AR 21494",N,hours
611,John Barker,133-66-1981,"9223 Espinoza Burg Apt. 845
Campbellfort, NV 02375",Y,hours
612,Hannah Jones,709-49-0905,"5291 Higgins Park Suite 483
Port Kenneth, NM 37391",N,hours
613,Tina Wilson,098-82-6395,"171 Meghan Overpass
Williamfurt, WA 50598",N,hours
614,Mitchell Riley,012-72-8447,"4571 Jennifer Vista
Millerburgh, GA 27802",N,miles
615,Marissa Phillips,080-07-7768,"418 Wagner Canyon
Michaelborough, RI 83864",Y,hours
616,James Bradford,449-30-8152,"93238 Solis Course Suite 533
Lake Jessica, CO 61028",Y,miles
617,Dawn Johnston,610-94-1461,"055 Craig Hills Apt. 170
Jasonbury, WY 91972",N,hours
618,Jessica Little,651-63-0593,"17535 Jensen Lodge
Matthewtown, GU 74728",Y,hours
619,Sabrina Wood,361-87-7163,"938 Henderson Stream
North Charlenestad, AS 04456",N,hours
620,Melissa Knox,865-03-0698,"67148 Michael Lane
New Ryan, ME 59171",N,miles
621,Emma Thomas MD,719-19-0038,"605 Carrie Oval
West Emily, DC 97403",Y,hours
622,William Long,106-08-5003,"87040 Gallegos Common
South Haleyburgh, AS 66163",N,hours
623,Darrell Chandler,447-39-1287,"041 Jones Points Apt. 010
Lisatown, VI 59452",Y,hours
624,Anthony Ramos,489-01-6475,"054 Randy Underpass Suite 752
Port Jennifer, WV 27557",N,miles
625,Keith Jordan,440-10-5081,"PSC 5625, Box 0897
APO AA 25192",Y,miles
626,Paul Jones,416-13-3017,"721 May Viaduct Apt. 082
South Ruthchester, AZ 60198",Y,miles
627,Melissa Horn,713-51-3884,"228 Dave Fords
Muellerburgh, SD 36902",Y,miles
628,John Johnson,317-40-8241,"425 Cole Fort Apt. 611
South Richardfort, IA 56200",N,hours
629,Martha Villarreal,484-91-5207,"44044 Cunningham Road
Perezburgh, AL 55673",Y,miles
630,Nathan Rangel,586-88-1714,"7893 Diaz Meadow Apt. 181
Perezview, AZ 38701",N,hours
631,Jacqueline Taylor,036-69-8645,"0178 Francis Mountain Apt. 337
Port Kennethton, ME 96474",Y,miles
632,Peter Chavez,068-46-7701,"988 Lisa Plains
Jorgemouth, IL 45415",Y,miles
633,Stephen Campbell,444-89-3829,"156 Carson Key
Port Selenaview, DC 31405",N,hours
634,Anthony Stewart,390-91-4137,"394 Morrison Rue
Michaelmouth, IL 12725",N,hours
635,Joseph Walters,029-36-3597,"483 Curtis Overpass
West Jasmin, RI 30283",Y,miles
636,Michele Hanson,862-04-2269,"59779 Burch Heights Suite 367
Aaronport, WA 21249",Y,hours
637,Cory Blackwell,388-69-8753,"780 Morrow Shoals Suite 509
Georgemouth, AS 36001",Y,hours
638,Heidi Carson,197-81-6320,"877 Samantha Forest Apt. 351
Matthewtown, TN 82190",Y,hours
639,Eric Howard,349-73-6161,"1636 Guzman Highway
East Amanda, WA 71351",N,miles
640,Angela Walls,046-95-9591,"62578 Angela Manors
Taylorshire, IA 84004",Y,miles
641,Sherry Dougherty,058-69-2214,"032 Brown Club Suite 786
Davidburgh, LA 41874",N,hours
642,Dillon Duke,415-62-7493,"83314 Brandon Hollow
East Michelle, VI 04175",Y,hours
643,Andrew Wood,818-94-2187,"634 Roberts View
West Russellberg, GU 93877",Y,hours
644,Rebecca Smith,650-67-2420,"32143 Rosario Underpass
Port Jasonmouth, DC 27326",Y,miles
645,Sharon Parker,772-49-3793,"056 Kenneth Ridge Apt. 743
Port Elaine, PR 21691",N,miles
646,Jennifer Ibarra,655-87-4965,"3378 Karen Squares
Jonesshire, WA 13749",N,miles
647,Hector Flores,619-01-6743,"7879 Ashley Lake Suite 283
New Davidview, GU 42933",N,hours
648,Sara Tran,530-48-0744,"242 Keith Circle Suite 042
Davidshire, AR 52897",Y,miles
649,Kevin Mclean,803-18-9151,"1376 Bentley Common Suite 616
North Sarahchester, HI 31745",Y,hours
650,Mrs. Terri Kelly MD,392-95-5288,"56299 Reed Meadows Apt. 066
Caseside, PR 02431",N,hours
651,Sheena Rocha,556-54-2652,"695 Kayla Garden
Rickyburgh, MT 73228",N,miles
652,Stephanie Russell,500-24-1199,"06855 Olivia Track Suite 939
Port Autumnchester, WY 13374",Y,miles
653,Zachary Payne,151-58-2859,"89732 Nancy Crossroad Suite 522
West Robert, TX 86398",N,hours
654,Linda Guerrero,084-77-2106,"1625 Campbell Spur Suite 259
Crosbyside, MN 86249",N,miles
655,Yvette Silva,646-44-8636,"71880 Thomas Bridge
Michaelfort, FL 22558",N,hours
656,David Fernandez,528-62-9204,"369 Colton Extensions
North Ryanburgh, OK 18480",Y,hours
657,Kyle Park,306-87-2908,"928 Paula Landing
South Mary, SC 57268",N,miles
658,Laurie Barnes,817-58-7212,"479 Shelton Stream
West Deborah, NH 11843",Y,hours
659,Andrea Miller,605-15-9078,"39797 Dunn Lodge Suite 459
Chaseshire, MN 34264",N,miles
660,Ryan Knapp,219-63-5982,"02976 Devon Port
Rebeccaburgh, OK 15251",Y,miles
661,Albert Hicks,311-29-7262,"1571 Harrison Fall
North Sara, KY 72745",N,miles
662,Michael Ho,292-87-0772,"PSC 3192, Box 2035
APO AA 64789",Y,miles
663,Edwin Williams,682-25-4183,"224 Gregory Summit Suite 327
East Tiffany, MP 33646",N,miles
664,Tonya Clark,704-22-0307,"899 Sarah Ferry
Lake Bradley, NH 39684",N,miles
665,Luis Castaneda,224-98-1856,"091 Elliott Inlet Suite 918
Graceberg, GU 65183",Y,miles
666,Larry Dennis,710-28-9066,"Unit 5459 Box 7041
DPO AA 42828",Y,hours
667,Luke Thompson,029-40-5321,"34698 Ana Hill Apt. 838
Port Lindseyburgh, IA 15140",N,hours
668,Connor Nash,473-13-1096,"699 Yolanda Brooks
Port Susanchester, UT 70544",Y,miles
669,Robert Washington,576-95-3557,"607 Griffith Square Suite 590
Johnnymouth, VT 49654",Y,hours
670,Marissa Wood,736-75-8886,"3649 Lindsey Vista
Cannonview, MP 82037",Y,miles
671,Victoria Vazquez,714-09-7865,"254 Peter Trace Suite 757
Kathrynland, SD 68664",N,hours
672,Angel Johnson,484-32-6009,"813 Hill Walk Suite 222
Sampsonport, WV 28327",N,hours
673,William Herring,314-03-0466,"708 Travis Mountains Suite 057
Sparkston, WI 56053",Y,hours
674,James Sanchez,749-17-5075,"3245 Humphrey Flats Apt. 192
New Mandy, LA 90615",N,miles
675,Sandra Garcia,373-94-1404,"831 Wright Gateway Apt. 487
Port Morganshire, MT 21901",N,hours
676,Scott Sanford,049-37-0914,"004 Jeremy Ville
Melissamouth, NC 52488",N,hours
677,Sandra Harding,337-69-2502,"379 Jeff Lakes Suite 138
Lewisside, MI 02650",Y,hours
678,Kelly Wells,760-08-7743,"4632 Lewis Flats
Johnsonmouth, ME 39170",N,miles
679,Timothy Mueller,643-48-6915,"PSC 5774, Box 6345
APO AP 21622",N,miles
680,Ashley Davis,191-48-3717,"PSC 6738, Box 2141
APO AP 77147",N,hours
681,Joseph Martin,577-45-9915,"692 Kelly Highway Suite 777
Port Danielshire, CA 12792",Y,miles
682,Michael Nicholson,542-94-5035,"51937 Erin Parkway
Vincenthaven, PR 64085",N,hours
683,Danielle Lopez,116-42-6597,"PSC 1209, Box 4228
APO AA 17214",Y,miles
684,Marcus Harris,488-93-8044,"249 Flores Alley
Morganside, PA 31268",Y,hours
685,Kevin Kennedy,839-36-8708,"74239 Leslie Village
Boydhaven, SC 55004",Y,hours
686,Kathleen Howell MD,541-48-4634,"2544 Glenn Plain
Richardsonstad, ID 80385",N,hours
687,Leah Alvarado,794-31-9653,"3950 Casey Stream
East John, UT 02739",N,miles
688,Mary Greer,199-21-9432,"USNS Smith
FPO AA 62546",Y,miles
689,Jill Figueroa,676-80-0814,"PSC 3012, Box 8237
APO AA 51294",N,hours
690,Michelle Kaufman,577-35-1709,"2962 Wright Road Apt. 791
Willisshire, DC 46284",N,miles
691,Diana Sanchez,008-80-7267,"57943 Angela Spurs
Michellefort, FL 17683",N,hours
692,Thomas Poole,311-38-0976,"13038 Brown Centers Apt. 230
Fergusonton, FM 02592",Y,hours
693,Jimmy Jones,048-92-2999,"41495 Garcia Alley Suite 381
Howardchester, MN 52986",N,hours
694,Leslie Lane,669-39-9294,"Unit 0838 Box 1730
DPO AP 52662",Y,hours
695,Kara Cook,003-69-7022,"30277 Joshua Inlet
Lake Andrew, CO 26345",Y,hours
696,Barbara Malone,131-47-7033,"5617 John Hill
Lake Gregory, RI 91005",N,hours
697,Kelly Reed DDS,296-17-5842,"965 Rogers Extensions Suite 472
Johnsonhaven, VI 59628",N,miles
698,Anita Santana,620-07-8776,"52098 Price Key
Robertport, WI 12527",Y,miles
699,Christopher Wright,134-71-1067,"5127 Natalie Cliffs
West Shawn, AK 74016",N,miles
700,Jennifer Woods,768-59-5600,"1354 Amanda Green
Mathismouth, OH 94508",Y,miles
701,Jordan Carter,679-39-5376,"Unit 2247 Box 5317
DPO AE 40549",N,miles
702,Justin Smith,321-04-0679,"0006 Vasquez Streets
Port Lorimouth, VA 31161",N,miles
703,Heather Andrade,396-29-5517,"6991 Lane Falls Apt. 488
Brettland, RI 58768",Y,hours
704,Kristopher Phillips,319-43-2765,"539 Colin Spur
Annside, VT 74787",N,miles
705,Jeremy Clark,369-85-4537,"PSC 9436, Box 5965
APO AA 61087",N,miles
706,Danny Rich,266-22-0743,"1899 Barber Shore Apt. 945
Barajasborough, AS 38049",Y,miles
707,William Lewis,595-44-4217,"91174 Cindy Meadow Apt. 652
West Daltontown, NE 36743",N,miles
708,Laura Sandoval,091-40-8109,"9246 Friedman Shore
North Timothy, MS 56484",Y,miles
709,Matthew Soto,347-03-5728,"571 Wilson Stream
Johnsonbury, KS 30401",Y,miles
710,Megan Bailey,534-16-4615,"PSC 1466, Box 7985
APO AA 02938",Y,miles
711,Carmen Rodriguez,883-86-6531,"31994 Ann Union
Torresberg, CO 33010",N,miles
712,Jodi Kennedy,477-14-0830,"42833 Edwin Gardens
Port Rhondafurt, OK 28544",N,hours
713,Brian Romero,686-94-3316,"590 Laura Run Suite 911
South Patrickberg, AS 19905",Y,miles
714,Shawn Powell,431-19-1614,"308 Whitney Lodge Suite 375
South Anthony, WY 81569",N,hours
715,Harry Romero,675-17-8337,"USS Kennedy
FPO AA 45662",N,hours
716,Kristin Combs,511-51-8613,"98382 Watson Brooks
South Curtis, MI 96331",Y,miles
717,Amy Lopez,447-25-6050,"PSC 5966, Box 1406
APO AA 06273",N,hours
718,Sharon Smith,252-32-8351,"662 Phillips Mountain Apt. 399
Brownbury, LA 53728",N,miles
719,Kirsten Wells,015-34-9901,"53468 Beth Light
Jacobside, CA 11516",Y,hours
720,Joy Parker MD,646-64-9907,"56682 Angelica Union
Lake Jenniferport, WV 73487",Y,miles
721,Mrs. Donna Taylor,301-49-6986,"955 Justin Fork Apt. 746
North Ryan, FL 39171",N,hours
722,Maria Braun,276-95-5133,"12398 George Tunnel
Noahland, CA 20188",N,miles
723,Juan Russell,135-63-8975,"73375 Harrington Mission Suite 508
Lake Debra, MP 48390",N,hours
724,Matthew Tucker,735-72-1416,"PSC 0900, Box 2296
APO AE 17734",N,hours
725,Brian Zamora,179-11-7913,"061 Collins Springs Apt. 536
New Jacobtown, CO 82829",N,hours
726,Diamond Cox,624-62-4003,"659 Rachel Grove Suite 298
East Randall, AZ 55351",Y,miles
727,Samuel Lewis,188-77-7451,"294 Jackson Grove
East Anthony, VT 10280",Y,miles
728,Joseph Wood,070-59-7190,"10881 Liu Freeway
Port Jayville, NC 70479",N,miles
729,Lori Johnson,587-88-2129,"77794 Hughes Lakes
Lake John, RI 36806",Y,hours
730,Jonathan Marsh,849-25-5459,"96133 Johnson Prairie
Coxburgh, PA 30774",Y,miles
731,Kelly Decker,130-67-3183,"557 Lisa Parkway
South Amandaview, LA 11559",Y,miles
732,Tammy Vargas,830-02-1382,"74596 Donna Tunnel Suite 246
Michaelfort, IL 32505",N,miles
733,Charles Williams,136-70-1011,"49876 Carpenter Plains
Chelseaville, AZ 70212",Y,miles
734,Robert Singh,667-92-0010,"8478 Doris Mills Suite 221
Colemanport, VT 20480",Y,miles
735,Steve Bell,120-59-8567,"83789 Timothy Forest Suite 671
Fieldstown, UT 50153",Y,miles
736,Robert Brady,021-34-0342,"71795 Emma Path
East Angelaburgh, OR 43220",Y,miles
737,Tyler Washington,651-49-5834,"9908 Larsen Crossing
Carlsonbury, CT 49956",Y,miles
738,Deborah Green,535-32-5994,"945 Alexandra Parks
Sarahfurt, OR 48668",Y,hours
739,Larry Bryant,814-48-7010,"670 Brian Lane Suite 688
New Bradley, TN 99790",N,hours
740,Thomas Frank,889-99-8806,"9559 Heidi Lock
Martinezstad, SD 44739",N,miles
741,Michael Gibson,443-67-4820,"82070 Salazar Branch Suite 882
Susanbury, OR 81012",N,miles
742,Pamela Payne,112-75-9706,"0288 Martin Passage
Garciaborough, MO 17926",N,hours
743,Emily Powers,087-93-0639,"89243 Reed Valleys
Taylorton, NY 12968",Y,miles
744,Scott Doyle,084-48-6059,"078 Wolfe Wall
New Regina, KS 61707",N,hours
745,Charles Herrera,264-72-5714,"18151 David Coves
East David, AL 03231",Y,miles
746,Eric Stewart,455-83-6394,"3776 Jacqueline Knoll
Littleville, MS 52233",Y,miles
747,Jason Carter,812-68-4841,"8450 Banks Passage Suite 956
Martinhaven, IA 56667",N,hours
748,Andrea Huynh,479-26-1656,"10572 Mcclure Tunnel Apt. 154
Mcclainton, DC 76356",N,miles
749,Deborah Duke,245-15-6911,"694 Laura Road Apt. 587
Lake Christopher, AS 79548",N,miles
750,Amanda Lynch,345-59-8750,"25848 Jacqueline Islands Suite 789
Lindseyborough, NH 63767",N,miles
751,John Carter,757-15-3034,"637 Mullins Parkway Apt. 356
West Amber, SC 08457",N,hours
752,Krystal Parker,042-47-7168,"68604 Loretta Knoll Apt. 475
Christinehaven, MP 77518",Y,miles
753,James Taylor,605-09-2898,"18636 Collins Street Suite 190
East Carlosville, VT 88894",Y,miles
754,Martin Lee,767-15-3969,"9770 Dale Points
Matthewmouth, AK 39903",Y,hours
755,Gina Knight,446-55-0250,"340 Mitchell Land Apt. 402
Port Diane, MN 77942",Y,hours
756,Kimberly Schmidt,159-93-4370,"9321 Karen Parkways
Howardmouth, ME 91803",Y,hours
757,Katherine Lyons,717-12-9929,"822 Jacob Rest Apt. 189
Clarkbury, VI 07491",N,hours
758,Cheryl Miller,612-41-4389,"Unit 7688 Box 4755
DPO AA 95034",N,hours
759,Erik Aguilar,422-65-1003,"23688 James Roads
East Austin, AS 83630",Y,miles
760,Reginald Griffin,467-29-1291,"2389 Justin Ports
Carlaville, TX 75130",N,miles
761,Luis Wilson,833-56-4353,"Unit 0867 Box 9986
DPO AP 25417",Y,miles
762,Mr. Ethan Gordon PhD,344-60-9187,"7304 Amanda Village
New Rebeccaport, DE 28414",N,miles
763,Alejandro Ford,096-09-1215,"83379 Brown Common Suite 304
Port Nicholasfort, NJ 17357",N,miles
764,Kerry Russell,075-45-7174,"185 Justin Trafficway Suite 482
East Michealport, MA 52675",Y,miles
765,Brandy Scott,553-14-2874,"4721 Gabriel Grove
Port Ericaville, NY 23510",Y,miles
766,Mr. John Bell,803-70-5522,"77546 Pierce Shores
Foxbury, TN 72839",N,miles
767,Mason Peterson,827-74-9859,"9037 Jessica Common
Kevinville, HI 75167",Y,miles
768,Christopher Williams,595-91-7164,"854 Michael Highway Suite 240
Scottton, IA 08119",Y,hours
769,Patrick Moore,644-08-3225,"202 Ramirez Lane
Port David, MT 90122",Y,hours
770,Erin Brown,386-09-8077,"20299 Velasquez Rue
Woodberg, NV 66416",N,hours
771,Thomas Bowers,027-58-0346,"5789 Chapman Estate
Lake Tasha, MD 88685",Y,hours
772,Tommy Morrow,829-49-0957,"57182 Campbell Fields Suite 433
Michaeltown, CA 19481",N,hours
773,Connie Mayer,008-45-8796,"2292 Barnes Grove
Markport, UT 11660",N,miles
774,James Kelly,356-23-4855,"84409 Thompson Manors Apt. 211
Dustinmouth, VI 11898",Y,miles
775,Leslie Wilson,682-78-6536,"435 Monica Gardens Suite 181
New Kevin, PW 87302",Y,hours
776,Nathan Newman,099-55-1010,"40449 Rodriguez Mount Apt. 361
North Leslieton, GU 33842",N,miles
777,Nichole Larsen PhD,284-16-1571,"PSC 0348, Box 3203
APO AP 28012",N,miles
778,Richard Holder,033-17-9796,"261 Harris Field Suite 947
Josephtown, MP 83127",N,hours
779,Arthur Hill,815-82-9184,"3248 Gary Street
New Christopherhaven, IL 34652",N,hours
780,Anthony Smith,279-70-8564,"783 Brown Fords
East Sandra, FL 48011",Y,hours
781,Blake Serrano,758-39-6473,"30698 Eric Ports
New Jessicaland, GA 30613",N,hours
782,Jack Doyle,701-62-1240,"106 Hannah Plaza Apt. 204
Jordanshire, NC 99815",Y,hours
783,Tammy Vance,826-85-1251,"47561 Lauren Gardens Suite 289
Jeffreyfurt, NJ 51147",Y,hours
784,Jennifer Lambert,330-24-7532,"6001 Brian Overpass
Raymondchester, KS 83205",Y,hours
785,Briana Watkins,355-76-2609,"085 Wallace Oval Suite 878
Johnsonchester, WI 98510",N,miles
786,Julie Ingram,226-91-0640,"1601 Joy Via
New Haley, IN 78827",N,miles
787,Carl Ryan,689-91-9338,"0205 Scott Court Suite 993
East Angelicaville, RI 93248",N,hours
788,Amy Smith,030-32-7390,"07084 Mills Corners
Jessicaside, IA 24926",N,hours
789,Julie Morris,111-87-3226,"1693 Veronica Views
Kimberlyville, WV 21906",Y,hours
790,Alexis Ray,850-36-6076,"9304 Aguirre Isle
East Christophermouth, MD 98314",N,miles
791,Claire Carlson PhD,186-01-5447,"86637 Wall Spur Suite 415
West Sarahberg, ID 05777",N,hours
792,Hailey Kennedy,535-72-0545,"7551 Gibbs Parkway Apt. 565
Thompsonport, NY 75950",N,hours
793,Kimberly Robinson,020-58-4785,"USNV Robinson
FPO AA 08984",Y,hours
794,Ralph Banks,105-04-6212,"138 Sanchez Glens Apt. 181
New Rhondashire, MI 47226",Y,miles
795,Nicole Weiss,474-85-4528,"44307 Martinez Stream Suite 339
Port Arthurside, MS 72544",Y,hours
796,Randy Keller,847-68-8525,"3198 Ortiz Cliffs Apt. 082
Port Elizabethland, NJ 34355",N,hours
797,Sherry Martin,275-96-4718,"5597 Sarah Walk Apt. 566
Brandonchester, HI 93890",N,miles
798,William Lambert,674-73-0974,"USNV Moore
FPO AA 50195",N,miles
799,Annette Wilkerson,514-01-4808,"9573 Sherri Street
Davisborough, OH 41009",Y,miles
800,Michael Cline,539-30-1067,"523 Gallagher Crest Apt. 522
Robertchester, AL 30310",Y,hours
801,Adrian Romero,019-96-9129,"166 Haynes Springs Apt. 507
Heatherfurt, VI 52336",N,hours
802,Robert Keith,446-72-0979,"62728 King Key
East Angel, VT 50680",Y,miles
803,Lisa Young,384-49-5348,"793 James Glen Apt. 066
Calebmouth, NJ 16456",Y,hours
804,Dale Webb,497-48-7449,"64094 Kristin Freeway
East Vincent, OK 51867",N,hours
805,Jill Miller,657-66-6582,"4603 Sandra Run
Garciafurt, NH 92917",Y,miles
806,Crystal Berry,512-98-1101,"6212 Debra Vista
Weaverton, AL 92734",Y,hours
807,Nathaniel Wright,564-19-6488,"1358 Bryant Centers
New Jamieton, DE 60939",N,miles
808,Nicole Smith,866-34-3527,"7800 Maria Motorway Apt. 318
Bairdfort, WV 90787",Y,miles
809,Kristen Lawrence,130-56-7759,"441 John Club
Perezborough, KY 88557",N,hours
810,Joseph Turner,621-99-8310,"Unit 2578 Box 3070
DPO AP 93778",Y,hours
811,Jennifer Johnson,359-34-6841,"458 Baker Cliffs Apt. 658
Barronshire, NM 58577",N,hours
812,David Bennett,019-95-3418,"78961 Julie Island
Waltonton, MN 99043",N,miles
813,Raven Collins,740-09-6059,"52004 Turner Passage Suite 088
Lake Crystalport, TX 47988",N,hours
814,Lawrence Harmon,656-80-7417,"50892 Rios Harbors Suite 956
Patriciastad, WV 42393",Y,hours
815,Matthew Morgan,284-65-0442,"5276 Robert Rapid Apt. 989
Lake Julie, HI 02746",N,hours
816,Tonya Logan,446-07-6858,"74779 Obrien Neck
Port Tiffany, AZ 75741",Y,miles
817,Erik Petersen,233-35-0564,"501 Scott Pike Suite 914
New Christopher, OR 28839",N,hours
818,Glen Tucker,319-93-8075,"30344 Sara Field Apt. 609
Bryanbury, CT 93742",N,miles
819,Kristine Patton,737-81-4764,"339 Jeffery Prairie
Port Katherineport, GA 33328",Y,hours
820,Kendra White,802-39-5155,"385 Williams Passage
South Angela, NV 71255",N,miles
821,William Williams,877-51-5701,"43028 Amanda Mews
Cathyport, ME 62757",N,miles
822,Rachel Grant,166-89-9074,"77157 Jones Forks Apt. 106
New Megan, ND 17729",Y,miles
823,Angie Myers,788-10-0905,"970 Barnes Gateway
Lake Andreaton, WV 83681",N,miles
824,Stephanie Sanchez,858-12-8743,"35556 Isaac Mission Suite 762
North Cheryl, NV 53631",N,hours
825,Mr. Phillip Bennett PhD,646-84-8737,"874 Ronald Knolls
Floresstad, DE 87338",Y,hours
826,Gina Obrien,515-24-6754,"45754 Amy Views Apt. 080
Terryfurt, NE 74921",N,miles
827,Jo Daugherty,241-36-8358,"90363 Hernandez Flats Apt. 479
Kelliberg, OR 15114",N,miles
828,Tara Sherman,613-21-1123,"1817 Savannah Glen
Troymouth, WA 35369",N,miles
829,Alexis Mueller,679-79-2589,"675 Sean Trail
Lake Austinfort, SD 36150",Y,miles
830,Catherine Tate,438-94-9014,"0428 Michael Brooks Apt. 499
Erikhaven, ID 52697",Y,miles
831,Andrea Ross,445-77-2909,"947 Castillo Expressway
North Christopherberg, TX 55072",N,miles
832,Sara Graves,583-74-9428,"0361 Jackson Overpass
Ronaldbury, LA 14375",N,hours
833,Kenneth Carter,809-10-9612,"74108 Lawrence Locks Apt. 778
Lake Kathleen, AS 96107",Y,hours
834,Nicholas Delgado,598-74-7783,"454 Berry Curve Suite 474
New Thomas, OR 98187",N,hours
835,Heather Smith,261-33-2835,"85671 Gill Corners
North Nicole, KS 50791",N,hours
836,Danielle Smith,761-28-2526,"56095 Walker Brook Suite 037
Smithhaven, MT 56638",Y,hours
837,Stephanie Lam,051-87-0917,"377 Bentley Ridge
Davisshire, UT 84265",N,hours
838,Kimberly Hawkins,521-25-3831,"Unit 3191 Box 9204
DPO AP 11818",Y,hours
839,Crystal Adams,539-67-6346,"3228 Alicia Terrace Apt. 950
East Nancy, IL 27565",Y,hours
840,Charles White,356-70-5801,"71149 Morris Terrace
South Codyside, SC 04636",N,miles
841,Kenneth Mills,571-91-1832,"201 William Bridge
South Juanville, MS 90669",N,miles
842,Brian Mendez,143-33-8543,"137 Carla Radial Suite 057
West Zacharyton, RI 07850",N,miles
843,Linda Miller,743-83-2389,"9093 Melanie Fort Suite 701
South Michaelmouth, MO 84113",Y,hours
844,Robert Robinson,047-21-5885,"2895 Joshua Overpass Suite 455
East Grace, VI 37906",Y,miles
845,Terry Henry,694-70-9748,"90129 Hodges Viaduct
Vanessahaven, AR 98816",Y,hours
846,Julian Howe,449-92-9125,"186 Melissa Vista Apt. 099
Watsonbury, MA 46739",Y,miles
847,Joann Hughes,156-53-0442,"89393 David Radial
Jodytown, AS 69050",N,hours
848,Brian Henderson,716-92-8706,"560 Chaney Camp
East Lauren, ID 36241",N,hours
849,Harold Moore,406-91-4936,"2286 White Alley Apt. 441
Walshberg, ID 95313",N,miles
850,Maria Aguilar,424-40-8673,"248 Smith Squares
Lake Danny, KY 49706",Y,miles
851,Zachary Brewer,689-45-7420,"4878 Welch Loaf
Christinebury, NV 76888",N,hours
852,Timothy Robinson,851-35-2681,"9967 Smith Port Suite 002
West Elijah, TX 62497",Y,hours
853,Kelsey Brown,420-22-7741,"8157 Mata Viaduct
Port Tannerton, UT 68242",Y,hours
854,Miss Lauren Lamb,366-80-9889,"311 Pruitt Mall
East Marymouth, HI 24187",N,hours
855,Gabrielle Brown,075-33-9718,"3490 Lucero Fall Suite 486
Jeffreyfurt, IN 42564",N,miles
856,David Bond,513-88-9333,"8272 Joe Ways
Lake Frank, MO 73069",Y,miles
857,Crystal Valdez,503-04-1051,"06389 Heather Cape
Joshuatown, DE 47065",N,miles
858,Jason Ingram,853-92-0388,"USNV Mendoza
FPO AE 41673",Y,miles
859,Bridget Joseph,144-25-5831,"43312 Sanchez River
West Christopher, NH 56421",Y,miles
860,Vincent Campbell,819-69-2641,"USCGC Henry
FPO AP 32596",Y,hours
861,Michael Benitez,797-35-4559,"5446 Jerry Square
Riverahaven, NY 38658",N,miles
862,Victor Sandoval,284-55-1716,"074 Barr Plaza
Brianmouth, PA 62126",N,hours
863,Carol Reyes,468-34-9553,"13767 James Passage Apt. 858
Rebeccafurt, PA 46370",Y,hours
864,Amber Johnson,325-06-4005,"14797 Crystal Plaza
North Victoria, VA 55840",Y,hours
865,Emily Gonzales,309-13-3764,"Unit 3429 Box 1621
DPO AE 13627",Y,hours
866,Linda Johnson,820-67-7358,"537 Lisa Point
West Sara, MH 99685",N,hours
867,Richard Nelson,179-56-9118,"843 Nicole Locks
Lake Patricia, IN 14596",N,miles
868,Kenneth Davidson,841-35-4699,"5961 Reid Park
North Mollyland, LA 11289",N,hours
869,Collin Robinson,458-19-9281,"272 Sutton Wall
Robertofurt, VT 31282",Y,hours
870,Valerie Webster,134-88-7098,"72407 Sue Inlet
Ayersside, UT 66002",N,hours
871,Amber Neal,400-63-1267,"257 Martha Rapids
Zacharyborough, NM 97814",N,miles
872,Kirk Bailey,761-42-3646,"87329 Anthony Forks
Port Amber, HI 92650",Y,hours
873,Thomas Beck,010-89-4281,"Unit 2019 Box 9574
DPO AE 64876",N,miles
874,Jennifer Nguyen,097-01-3944,"927 Jason Harbors Suite 832
New Randyfurt, CO 38110",N,miles
875,Jordan Leach,337-62-1778,"62910 Ronnie Green Apt. 080
West Antonioside, SC 73855",Y,miles
876,Natalie Reynolds,559-18-7634,"36562 Middleton Square
Port Sandra, CT 37884",N,miles
877,Danielle Vaughn,299-03-7708,"91203 Terri Island
New Lori, NM 04279",Y,miles
878,Terri Townsend,208-52-3203,"141 Candace Parkway Apt. 678
Yangside, AS 63590",Y,hours
879,Derrick Hunt,096-05-1397,"0909 Kennedy Forks Suite 526
North Lydia, TX 52410",N,hours
880,Peter Parker,490-09-0893,"55700 Robertson Track
Christophermouth, FL 72722",Y,miles
881,Michael Obrien,568-82-8077,"0307 Susan Parkway
New Gary, NE 22312",N,hours
882,Stephanie Mcbride,781-74-7488,"349 Robert Corners Apt. 242
Boonechester, HI 48429",Y,hours
883,James Ware,443-01-3781,"86138 Brenda Haven Apt. 496
Jenningsside, IL 12934",N,hours
884,Lisa Knox,146-25-3158,"08592 Darrell Port Apt. 159
Port Jenna, CA 83535",N,miles
885,Nathan Williams,753-78-6002,"328 Howell Lakes Suite 584
Jacksonside, MH 12408",N,miles
886,Johnathan Melendez,579-27-6351,"PSC 7719, Box 3253
APO AA 08503",Y,miles
887,Samantha Stuart,585-52-8693,"165 Linda Valley Suite 285
Bryanland, KY 69574",N,miles
888,Mr. Justin Johnson DVM,067-92-6178,"26733 Kevin Drive Apt. 713
Lamstad, MH 83054",N,miles
889,Robert Williams,656-42-3585,"2501 Shane Plaza Suite 439
East Kimberly, RI 02946",N,miles
890,Kristen Huber,871-78-0411,"952 Sandra Vista
Port Kathy, CO 74216",N,miles
891,Jessica Fernandez,457-61-5100,"203 Andrade Grove
Howardfurt, MN 86088",N,miles
892,Anne Thompson,118-04-3758,"Unit 9683 Box 6112
DPO AE 74189",N,miles
893,Karen Ramirez,264-30-1249,"47578 James Springs Suite 508
Port Daniel, OH 82919",Y,hours
894,Cindy Benitez MD,873-39-1730,"7471 Ruiz Way Suite 245
Lisabury, DC 92460",Y,miles
895,Wanda Wilcox,318-99-1142,"9587 Stewart Meadows
New Kara, ND 26553",Y,hours
896,Tiffany Daniels,754-12-5494,"27244 Turner Camp
Mcdonaldtown, AL 74730",Y,miles
897,Brian Pitts,416-08-8547,"7117 Quinn Courts
Jonathantown, DE 40687",Y,miles
898,Alex Mcdonald,586-63-8926,"46251 Ho Parkway Apt. 974
Davidchester, FL 85649",Y,hours
899,John Marshall,408-61-7395,"598 Derrick Camp Apt. 404
Mckeeside, KY 60220",Y,hours
900,Christopher Harrison,743-48-1595,"9759 Moore Ridge
Lake Danielland, FM 67354",N,hours
901,Eric Levine,576-15-1543,"82911 Savannah River Apt. 649
South Christopherhaven, FM 47238",N,miles
902,Jasmine Martin,110-67-4234,"75752 Tina Mission Suite 634
Port Michael, NY 86281",N,miles
903,Isabel Sandoval,574-22-9098,"Unit 1084 Box 7900
DPO AP 80632",N,miles
904,Tracey Rivera,333-61-1027,"113 Hicks Cliffs Suite 433
Richardsonhaven, CA 39284",N,hours
905,Theresa Cowan,743-30-9970,"60016 Baird Plains Apt. 441
Perryside, OH 93467",Y,miles
906,Shaun Mckee,459-10-0676,"238 Nathaniel Glen
East Heather, MO 35606",N,miles
907,Daisy Shea,327-47-6494,"23233 Matthew Trail
Lake Jill, MP 28731",N,miles
908,Brianna Rivas,673-82-9874,"86990 Daniel Drive
Lake Ginafurt, PR 46452",Y,miles
909,Andrew Schwartz,025-43-7627,"94356 Darryl Expressway Apt. 763
Millerburgh, IA 35956",N,miles
910,Peter Hernandez,368-67-7732,"9001 Scott Shoals
North Jesuston, VT 48596",Y,hours
911,Amber Soto,152-81-5401,"Unit 9757 Box 6680
DPO AP 60073",N,hours
912,Robert Harris,705-72-6270,"912 Hall Heights
Fisherville, WV 02947",N,hours
913,Deanna Hernandez,427-04-7051,"8791 Gregory Isle
Serranoville, CT 41741",Y,miles
914,Tami Johnson,066-17-3887,"56807 Maurice Stravenue
Johnville, ND 98578",N,hours
915,Amy Chapman,818-78-0620,"0890 Werner Garden Suite 877
South Anthony, AS 56096",Y,miles
916,Monica Phelps,892-84-1981,"07651 Allen Ville Apt. 262
Kimberlystad, VA 24601",N,miles
917,Linda Tanner,783-99-7374,"4285 Kidd Prairie Suite 247
North Sharon, FL 66550",N,hours
918,Ernest Lawson,298-29-9622,"32074 Bush River Apt. 407
Wilsonhaven, KY 34825",N,hours
919,Jeffrey Martinez,644-74-7914,"54977 Hannah Lane Suite 212
South Brittany, HI 86229",N,miles
920,Joshua Anderson,815-55-7976,"02064 Fuller Oval
Rogerland, VI 63189",N,hours
921,Eugene Smith,487-08-8148,"240 Johnson Avenue Suite 203
Markside, NM 42009",Y,miles
922,Cory Nelson DDS,502-63-2502,"156 Ashley Stream Suite 381
Hernandezmouth, MT 01245",N,hours
923,Mr. William Johnson DVM,339-06-6222,"82273 James Groves
South Margaretstad, NJ 44890",Y,miles
924,Kayla Allison,712-73-2871,"38067 Fields Turnpike
East Betty, ME 09527",N,miles
925,Jaime Smith,549-50-0529,"PSC 3452, Box 8976
APO AP 19668",Y,miles
926,Andrea Mitchell,116-01-7275,"696 Brenda Roads
North Robertstad, MT 62509",Y,hours
927,Olivia Lee,358-24-3546,"USNV Marks
FPO AA 65066",N,miles
928,Katherine Turner,842-90-5112,"03010 Lewis Landing Apt. 308
Port Karenport, CA 97713",Y,hours
929,Renee Ruiz,204-68-2887,"66066 Kenneth Ranch
East Wayne, NY 75734",Y,hours
930,Kristy Acevedo,589-81-3418,"2074 Arellano Turnpike Apt. 711
West Garrett, AZ 38966",N,miles
931,James Hooper,788-09-9743,"Unit 8961 Box 6876
DPO AP 73628",N,hours
932,Nicholas Bauer,583-31-7401,"266 Jessica Ramp Suite 490
West Christine, MT 28000",N,hours
933,Timothy Lee,667-77-9402,"8682 Crystal Mount
Lindaton, MS 44004",Y,miles
934,Leon Smith,785-96-5170,"658 Villa Hollow
Chrisstad, MD 51656",N,miles
935,Jennifer Johnson,041-23-4022,"383 Nicholas Walk
Clintonport, VT 62733",N,hours
936,Janice Mendez,222-27-2698,"520 Sarah Burgs Apt. 899
Jeffreyborough, MS 49751",Y,hours
937,Jacob Callahan,222-78-2868,"PSC 4929, Box 9897
APO AA 92906",Y,hours
938,Rebecca Best,400-13-4743,"20644 Brent Hill
Angelaton, NY 67453",N,hours
939,Adam Johnson,687-44-8414,"62314 Roberts Point Suite 154
Lake Karen, AS 78886",N,hours
940,Sharon Rodriguez,697-16-6438,"5069 Allen Orchard
Millerfurt, DC 36533",Y,miles
941,Anna Glover,058-67-1408,"36176 Tammy Ridges
Hernandezfurt, MI 43297",Y,miles
942,Andrea Moore,116-65-0704,"158 Brent Prairie
North Joseph, TN 21144",N,hours
943,Jordan Simpson,347-28-4014,"99725 Harrington Skyway
South Sheilashire, OK 77561",Y,hours
944,Wendy Rice,003-63-1128,"84149 Williams Spurs
East Lauriestad, MI 69571",Y,miles
945,Antonio Kaiser,367-74-4920,"4967 Soto Wells
North Jesseside, OR 87482",Y,hours
946,Anthony Taylor,388-73-5222,"295 Lee Square Suite 667
East Bradley, DE 51913",N,miles
947,Anthony Bates,575-69-5833,"4179 Brian Port
Wilkinsland, PR 86545",Y,miles
948,Brian Robertson,875-16-7237,"549 Christopher Estates Apt. 355
New Rachel, WV 01423",Y,hours
949,Kathryn Walker,238-95-4386,"7668 Larry Ville
Lake Donaldburgh, IA 35703",Y,miles
950,Trevor Miller,504-84-7727,"01354 Golden Club
Hollandtown, WA 71506",Y,miles
951,Alexander Jackson,842-78-9582,"02151 Christian Fords
East Meganland, IL 61215",Y,hours
952,Katie Meyers,009-09-4688,"32063 Amber Mountains
Nathanielshire, ME 42502",Y,miles
953,Rhonda Schmidt,231-98-3745,"090 Houston Fields
Morrisonfort, VI 14096",N,miles
954,Julie Barry,137-88-6466,"Unit 4645 Box 8117
DPO AA 55505",N,miles
955,Kayla Moreno,201-95-0475,"5926 Mclaughlin Island Suite 620
Bradleytown, IN 45506",Y,hours
956,Jeffery Durham,112-68-0818,"509 William Springs Apt. 204
Kendrafort, AS 89731",N,hours
957,Trevor Grant,426-62-7295,"05417 Arthur Centers
Angelaborough, NV 39215",N,hours
958,Daniel Edwards,318-27-4162,"105 Grimes Junctions
Amandaberg, IA 61246",N,miles
959,Randall Anderson,186-56-7460,"68083 Howard Forest Apt. 573
Edwardsshire, MN 54728",N,miles
960,James Smith,579-98-0107,"9211 James Club
Hectorbury, ID 36955",N,hours
961,Julie Vaughn,896-95-1060,"475 Tracey Ports
New Ericport, KS 88352",N,miles
962,Ashley Olsen,340-25-7072,"51835 David Courts Suite 063
Richardbury, FL 16459",N,miles
963,Antonio Duarte,480-37-3891,"7111 Green Overpass Suite 823
South Erinshire, MP 66567",N,miles
964,Kimberly Bates,053-57-0430,"338 Norris Isle Apt. 226
South Laurenstad, IL 90412",Y,miles
965,Shannon Barton,696-82-6158,"USNS Clark
FPO AP 93561",Y,miles
966,Jorge Watson,387-94-7774,"87085 Tara Path Apt. 613
Lake Kristy, WV 80152",N,hours
967,Tonya Thomas,458-83-5267,"94679 Melendez Burgs Apt. 121
Port Stevenchester, OK 21897",N,miles
968,Grant Johnson,143-62-2827,"2315 Estes Oval
South Jessica, CO 01915",N,hours
969,Dana Peters,180-17-7756,"807 Wanda Pike Apt. 380
Lake Kyleport, WI 87538",N,hours
970,Allen Bell,408-86-7806,"560 Amy Fort
Stevenshire, IA 20616",Y,miles
971,Joseph Waller,046-78-2442,"573 Williams Mill Apt. 997
Maytown, DE 26216",Y,hours
972,Sharon Anderson,058-13-3783,"71806 Davis Oval Apt. 379
West Daniel, NC 10941",Y,miles
973,Daniel Bell,851-57-1898,"5020 Cody Centers Apt. 407
Geraldville, KY 21773",N,hours
974,Jennifer Manning,171-10-7016,"741 Cook Locks Apt. 343
Davisland, PR 44194",Y,miles
975,Michelle Taylor,100-36-5441,"879 Shaun Greens
Evelynview, KY 34386",N,hours
976,Robert Ward DDS,101-88-3330,"777 Franklin Summit Apt. 842
Campbellfurt, WY 77404",N,miles
977,Scott Smith,810-78-8382,"USCGC Aguirre
FPO AP 31648",Y,hours
978,Miranda Turner,130-42-7826,"72747 Andrew Cliffs Apt. 508
North Josephstad, MI 94593",N,hours
979,Michael Yoder,553-19-5330,"578 Cole Turnpike
Jonesshire, AL 53143",N,hours
980,Jamie Acosta,427-19-7498,"252 Donna Union
Port Jasonstad, NV 07301",Y,miles
981,Julia Taylor,796-01-4783,"4186 Fischer Walk Suite 526
Smithshire, FL 69672",N,hours
982,James Harrison,513-19-8417,"Unit 3113 Box 6765
DPO AE 45216",Y,hours
983,Adam Velez,061-22-7033,"8991 April Ramp
Lake Susan, WA 89341",N,miles
984,Christopher Palmer,376-72-2716,"02508 Chang Forest Apt. 303
Toddborough, PA 09107",N,hours
985,Carol Miller,024-78-6482,"178 Keith Bridge Apt. 104
Amandaville, PW 15914",Y,hours
986,Nicole Andrews,819-73-2033,"6211 Graves Lodge Apt. 733
Lake Benjamin, WI 91659",N,miles
987,Wesley Fowler,240-70-7359,"9366 Willis Tunnel
Sergiofurt, SD 98214",Y,miles
988,Steven Nelson,804-44-9390,"82720 Jeffrey Canyon
Castroville, WV 13955",N,miles
989,Henry Cole,757-70-3701,"PSC 6399, Box 3379
APO AA 14409",Y,miles
990,Jaime Jackson,277-51-1636,"284 Sanchez Summit Suite 875
North David, WV 34195",N,hours
991,Lori Osborn,341-82-4232,"0091 Renee Causeway Apt. 589
Velazquezberg, VI 26208",Y,hours
992,Kevin Gilbert,541-55-4893,"692 Robert Branch Apt. 626
Jessicamouth, ID 68750",N,hours
993,Stephen Padilla,528-69-0537,"82421 Murphy Underpass Suite 917
Jamesbury, MT 68874",N,miles
994,Jennifer Smith,341-27-4325,"47865 Nicholas Glens
Port Cynthia, WA 30655",N,miles
995,Benjamin Garcia,108-19-8192,"87076 Ariel Court Suite 586
West Brendaside, PA 48436",N,hours
996,Elizabeth Hawkins,321-31-4120,"673 Allen Shoals
North Rhondachester, CO 05763",Y,hours
997,Ariel Foster,324-76-0584,"408 Diana Extensions
Aaronport, WA 27747",N,miles
998,Elizabeth Gates,095-56-8101,"920 Hood Plaza Suite 767
Port Stacie, IA 88545",N,miles
999,Leah Fisher,161-60-9088,"79668 Joshua Glens
Port Donaldland, DC 66750",Y,hours
1000,April Christensen,108-55-6569,"15692 Valenzuela Spur
Robertberg, ID 38056",Y,hours
1001,Christopher Cole,806-18-5372,"47035 William Parks Suite 201
Atkinsbury, PW 07995",N,hours
1002,Jeffrey Williams,229-42-3860,"72798 Paula Highway
Matthewstad, KS 76839",Y,miles
1003,Tracey Koch,180-95-5695,"577 Hernandez Mountains Apt. 387
Monicatown, NJ 32646",Y,hours
1004,Christopher Vazquez,654-05-3281,"46491 Edwards Gardens Suite 544
Amyside, IN 37063",Y,miles
1005,Melissa Wallace,180-78-3049,"7310 Jessica Junctions
West Matthew, FL 04012",N,hours
1006,James Green MD,102-14-2062,"113 Joseph Glens
Brandyfurt, IL 84485",Y,miles
1007,Jennifer Castaneda,136-56-0200,"4467 Doyle Springs Apt. 178
West Dannyshire, PA 16842",Y,miles
1008,Karen Koch,191-36-0955,"642 James Stream Apt. 906
Larsonville, FM 32045",Y,hours
1009,Jacqueline Booth,295-50-0231,"73914 Donald Drive Suite 260
North Jonville, WA 07808",Y,miles
